Customer_ID,Name,City,Job_Title,Product_Category,Age,Salary,Experience_Years,Rating,Purchased
1,James Frazier,Andrewchester,Artist,Sports,57,148373,7,3.6,No
2,Mark Jones,Lake Lawrencechester,Neurosurgeon,Electronics,41,67904,10,2.4,Yes
3,Henry Carroll,Pattersonville,"Clinical scientist, histocompatibility and immunogenetics",Food,56,84471,5,3.2,Yes
4,David Shields Jr.,Kennethmouth,Dance movement psychotherapist,Sports,55,53871,11,1.7,Yes
5,Joseph Wang,South Diane,"Nurse, learning disability",Clothing,34,111193,11,1.7,No
6,Robert Washington,Port Nicoleview,Software engineer,Clothing,42,145271,8,2.7,Yes
7,Joshua Molina,Taylorton,Museum/gallery exhibitions officer,Food,33,107640,10,3.1,No
8,Frank Adkins Jr.,Williamsburgh,Advertising art director,Electronics,42,148448,18,4.9,No
9,Jason Cervantes,Kendraland,Investment analyst,Electronics,27,58764,13,2.2,Yes
10,Jasmine Barnes,Shannonchester,Control and instrumentation engineer,Sports,61,64849,15,1.3,Yes
11,Maurice Trujillo,Allisonfort,"Investment banker, operational",Clothing,63,117970,7,3.3,No
12,Aaron Nelson,Port Maria,Banker,Food,21,34537,17,1.4,No
13,Natalie Brown,Gonzalezmouth,Herpetologist,Clothing,24,74539,16,3.4,No
14,Jay Stone,South Ashleyside,"Engineer, civil (contracting)",Food,54,51341,3,2.9,Yes
15,Alan Mitchell,Seanport,"Engineer, electronics",Food,22,80501,20,1.7,Yes
16,Douglas Davis,Lake Alicia,"Engineer, maintenance (IT)",Books,48,36448,18,4.5,No
17,Tammy Duran,Lake Samanthafort,Higher education lecturer,Sports,23,116943,8,2.2,Yes
18,Alexis Weaver,Abigailland,"Designer, blown glass/stained glass",Food,54,90114,1,3.5,No
19,Kevin Robinson,Tammybury,Office manager,Food,41,34688,9,2.8,No
20,Keith Johnson,Moniquemouth,"Biochemist, clinical",Food,38,66056,18,3.2,No
21,Terry Hardy,East Clayton,Dealer,Clothing,39,39334,2,4.2,Yes
22,Jerry Garcia,North Brenda,Energy engineer,Food,35,55396,20,5.0,No
23,Monique Hudson,South Elizabeth,Armed forces training and education officer,Electronics,22,100365,15,1.5,Yes
24,Edward Dixon,Austintown,"Designer, furniture",Food,48,127591,13,4.6,Yes
25,Greg Rhodes,Claytonmouth,Land/geomatics surveyor,Clothing,48,106075,16,2.1,No
26,Michael Todd,South Collinshire,"Engineer, petroleum",Electronics,31,139190,14,3.5,No
27,Matthew Rivers,West Jennifershire,"Therapist, speech and language",Books,43,130386,16,2.9,Yes
28,Sean Pope,Port Kathy,Mental health nurse,Clothing,57,49322,19,1.4,No
29,Robert Scott,Lake Danieltown,Therapeutic radiographer,Books,26,147956,9,4.7,No
30,Howard Edwards,Port Katrina,Health and safety inspector,Books,47,58783,3,3.4,No
31,Andrea Williamson,Lake Heatherville,Chartered public finance accountant,Books,21,57329,13,4.9,No
32,Nicole Johnson MD,Natashafort,Horticultural therapist,Sports,31,70982,5,3.8,Yes
33,Rachel Hanson,Angelastad,Environmental education officer,Sports,22,61831,5,1.9,Yes
34,John Singleton MD,Port Brett,Estate manager/land agent,Sports,61,144841,14,4.2,Yes
35,Patrick Garcia,Masseystad,Sub,Books,42,125692,14,1.3,Yes
36,James Rice,New Regina,Air cabin crew,Books,36,87185,11,2.6,No
37,Timothy Gonzalez,Lake Jaybury,Commercial horticulturist,Sports,40,105055,12,3.6,Yes
38,Jessica Alvarado,New Thomasburgh,Learning disability nurse,Food,27,33465,19,4.2,No
39,Jessica Colon,Brownland,Interior and spatial designer,Electronics,59,93778,13,4.5,Yes
40,Brian Hart,Gonzalezland,Radio broadcast assistant,Clothing,56,78711,13,2.1,No
41,Jerry Davies,Ricechester,Estate manager/land agent,Books,64,41226,5,2.6,No
42,Ethan Evans,East Nancy,Technical sales engineer,Sports,21,132553,2,2.5,No
43,Russell Hahn,Port Stephaniefort,Scientific laboratory technician,Clothing,34,94740,7,2.8,Yes
44,Aaron Carpenter,Michaeltown,"Pharmacist, hospital",Clothing,37,97428,14,2.3,Yes
45,Jonathon Weaver,New Elizabeth,Dramatherapist,Electronics,54,48876,3,1.2,No
46,Rodney Pearson,Angelastad,Geophysical data processor,Books,56,53205,14,3.4,Yes
47,Jason Benton,Andersonstad,Insurance broker,Food,24,127924,9,2.7,Yes
48,Crystal Martin,Phillipsview,Dietitian,Clothing,49,132804,1,2.8,No
49,Zoe Allen,East Sarahshire,Accounting technician,Electronics,27,77045,20,2.8,Yes
50,Jason Estrada,Jamesside,"Therapist, art",Sports,58,49714,13,3.6,No
51,Lance Medina,Williamshaven,Newspaper journalist,Clothing,28,79855,5,1.0,No
52,Mercedes Torres,Hillchester,Bookseller,Electronics,50,51790,17,3.5,Yes
53,Nicole Cardenas,Wrightton,"Teacher, primary school",Books,18,83272,6,4.1,No
54,Amber Knight,Webbton,Chartered management accountant,Sports,63,56480,1,1.5,No
55,Kelli Phillips,Warrenport,"Accountant, chartered public finance",Clothing,56,84436,3,3.1,No
56,Alicia Park,Lake Dianefurt,"Designer, industrial/product",Electronics,18,69476,6,3.5,Yes
57,Heidi Nelson,Cooperfurt,Immigration officer,Sports,28,64178,18,1.2,No
58,Terri Kelly,East Erica,"Engineer, aeronautical",Sports,56,98660,14,4.4,Yes
59,Emily Castro,Port Fredhaven,Probation officer,Clothing,54,147464,0,2.1,No
60,Eugene Campbell,Lake Robert,Youth worker,Books,44,65516,15,4.0,No
61,Dr. Mario Taylor,Lake Bethany,"Surveyor, building",Sports,45,126563,3,1.1,No
62,Elizabeth Morgan,Kevinfurt,Insurance broker,Electronics,41,99163,11,1.1,No
63,Anthony Morrison,Amandaburgh,Occupational therapist,Food,54,91520,2,2.0,No
64,Danielle Carter,Williamtown,Dance movement psychotherapist,Books,45,103506,18,4.5,Yes
65,Rebecca Leblanc,New Stephenfort,Pension scheme manager,Food,36,70425,14,2.6,Yes
66,Michael Wheeler,Autumnland,Artist,Electronics,36,36536,10,3.5,Yes
67,John Baldwin,Anthonyview,Bonds trader,Food,41,55896,8,4.8,No
68,Mrs. Krista Johnson MD,Gordonland,Public relations account executive,Food,55,42675,15,4.6,No
69,Gabriel Liu,North Helenland,Ship broker,Food,61,115683,1,2.1,Yes
70,Charles Romero,Raymondchester,"Librarian, public",Books,24,140751,20,3.7,No
71,Brandy Mitchell,Donnafort,Garment/textile technologist,Electronics,39,127921,8,1.6,No
72,Andrew Castillo,West Dianaside,Chiropodist,Sports,18,110907,1,4.6,No
73,Richard Harper,Feliciastad,Bonds trader,Clothing,59,140041,8,3.5,Yes
74,Jessica Snyder,Davidport,Environmental education officer,Electronics,57,122298,1,4.0,No
75,William Thomas,Dennisstad,Fish farm manager,Electronics,21,137188,8,1.9,No
76,Melanie Fuller,East Melissafort,Market researcher,Books,44,56758,5,3.7,Yes
77,Mathew Roberts,Espinozafort,"Therapist, occupational",Electronics,46,139925,10,3.5,No
78,Tristan Leonard,North Janiceberg,"Surveyor, mining",Electronics,41,139588,7,1.9,No
79,Amy Whitaker,Lake Eric,Housing manager/officer,Sports,26,91432,4,1.7,No
80,Joseph Melton,Melissaberg,Chartered public finance accountant,Books,62,101052,15,1.2,No
81,Erik Mitchell,Bridgetmouth,Pathologist,Clothing,31,118413,11,2.5,No
82,Melanie Flynn,Lake Paulville,Chartered loss adjuster,Electronics,37,67475,10,3.6,No
83,Matthew Gates,Shannonton,Fish farm manager,Food,26,144108,15,3.6,No
84,Stephen Martinez,Richardhaven,Dealer,Clothing,62,45586,17,3.2,Yes
85,Thomas Barnes,New Stacy,Comptroller,Books,21,61502,1,3.2,No
86,Kelly Wilson,New Cynthiamouth,Armed forces logistics/support/administrative officer,Books,51,136974,2,4.3,No
87,Jason Carter,Johnberg,Water engineer,Books,52,50095,13,4.8,Yes
88,Jamie Gonzalez,Robinberg,Learning disability nurse,Food,48,64857,9,2.3,Yes
89,Samantha Larsen,South Lisa,Diagnostic radiographer,Clothing,31,107815,8,2.7,Yes
90,David Jackson,Melissaland,Chiropodist,Electronics,58,98798,5,2.5,No
91,Erika Mckay,Vanessaberg,Catering manager,Electronics,34,79604,11,2.3,No
92,Sarah Holmes,Mooreborough,Police officer,Sports,42,115665,14,3.7,No
93,Latasha Davis,Johnview,Games developer,Clothing,58,30443,3,1.1,No
94,Lori Carney,Port Courtney,Phytotherapist,Food,32,124750,12,1.9,Yes
95,Eileen Thompson,East George,Licensed conveyancer,Food,46,53200,20,2.5,Yes
96,Mary Little,Anthonyport,Social researcher,Books,31,38028,11,4.9,No
97,Melissa Hernandez,Clarkfort,Set designer,Clothing,39,63461,12,4.8,Yes
98,Jacqueline Torres,Lake Andrewborough,Data scientist,Sports,56,39830,3,4.6,Yes
99,Christine Jones,Juliastad,Technical sales engineer,Clothing,64,110011,12,1.6,Yes
100,Nancy Smith,South Katelyntown,"Programmer, systems",Clothing,62,61902,10,1.6,Yes
101,Linda Garcia,East Robert,Clothing/textile technologist,Books,63,39361,16,4.5,Yes
102,Priscilla Walker,East Heather,Leisure centre manager,Books,55,43735,5,4.7,Yes
103,Johnny Williams,Zacharyburgh,"Nurse, mental health",Electronics,18,91054,13,1.7,Yes
104,Eric Ponce,Doughertyview,Database administrator,Clothing,46,51623,7,1.4,Yes
105,Heidi Schmidt,Rodriguezshire,Actor,Books,20,100772,17,4.5,No
106,John Harris,South Michael,Brewing technologist,Clothing,32,84797,11,3.6,Yes
107,Casey Lloyd,New Nicolaston,Rural practice surveyor,Food,36,108978,18,4.2,Yes
108,Lisa Gonzalez,Cesarchester,"Engineer, mining",Food,51,116841,2,4.2,Yes
109,Justin Wilson,West Renee,Insurance account manager,Electronics,56,53654,11,2.2,No
110,Stephanie Williams,Kyleshire,"Engineer, maintenance",Sports,47,33403,14,4.1,Yes
111,Elizabeth Waters,Bishopchester,"Engineer, control and instrumentation",Clothing,62,82922,19,4.7,Yes
112,Abigail Rodgers,Hinesshire,"Scientist, physiological",Electronics,39,63610,5,1.8,No
113,Misty Rodriguez,Bakertown,Water quality scientist,Sports,45,72055,19,1.0,Yes
114,John Harrell,Port Joshuaton,Science writer,Clothing,46,94837,20,1.1,Yes
115,Susan Adams,New Annette,Television production assistant,Electronics,34,58029,8,4.3,Yes
116,Anthony Gutierrez,Pricefort,Learning disability nurse,Clothing,29,41260,9,4.3,Yes
117,Colin Griffin,Bradside,"Engineer, drilling",Clothing,25,65283,15,2.4,Yes
118,Kim Carter,Port Jeffrey,Comptroller,Clothing,24,124529,2,1.1,Yes
119,Erica Ward,Brianborough,"Engineer, chemical",Food,18,131971,12,2.1,No
120,Angela Morgan MD,Lake Ellen,Arboriculturist,Electronics,50,103440,17,4.6,Yes
121,Natalie Collins,Port Miranda,Electrical engineer,Food,65,131742,18,1.7,Yes
122,Barbara Navarro,East Jennifershire,Print production planner,Electronics,24,139104,10,3.8,Yes
123,Sarah Murray,New Matthewborough,Wellsite geologist,Food,37,44759,17,2.8,No
124,Amy Bell,Grantberg,Geoscientist,Books,52,80584,19,1.7,No
125,Danielle Wyatt,West Timothy,Financial controller,Food,64,116155,14,2.2,No
126,Jessica Scott,North Kristimouth,"Therapist, speech and language",Clothing,55,106182,19,2.8,Yes
127,Jacob Campbell,New Connieport,Waste management officer,Electronics,35,146685,18,3.6,No
128,Bryan Thomas MD,Ritaborough,Hospital doctor,Sports,44,55796,15,3.8,No
129,Wanda Phelps,East Joshua,"Editor, commissioning",Sports,54,92432,2,1.1,No
130,David Smith,Hamptonfurt,"Teacher, music",Food,58,119287,7,4.5,Yes
131,Lori Oconnor,Vasquezton,"Administrator, Civil Service",Food,53,81635,15,2.3,No
132,Susan Nelson,Joneston,Plant breeder/geneticist,Clothing,23,50157,13,4.6,No
133,Shannon Rose,Lawrencehaven,Food technologist,Electronics,48,100724,0,2.8,Yes
134,John Carter,Teresaberg,"Horticulturist, commercial",Books,48,97983,8,1.6,Yes
135,Joseph Anderson,Lake Dannyhaven,Paediatric nurse,Sports,51,133259,18,3.9,Yes
136,Laura Nelson,Lake Steven,Petroleum engineer,Food,49,109475,10,3.5,No
137,Jennifer Robertson,Maldonadoport,Senior tax professional/tax inspector,Clothing,52,100065,1,4.6,Yes
138,Dennis Werner,Shannonstad,Paediatric nurse,Food,35,67376,6,3.3,Yes
139,Nicole Shaw,Davidsonmouth,Fitness centre manager,Electronics,27,60939,9,1.1,No
140,Melissa Christensen,Avilabury,Regulatory affairs officer,Sports,56,84388,1,4.6,Yes
141,Mrs. Kathryn Wang,Nancyport,Leisure centre manager,Clothing,46,33297,15,4.9,No
142,Mark Kelley,Smithberg,Primary school teacher,Books,26,143029,19,2.9,No
143,Raven Williams,Joshuafurt,"Scientist, biomedical",Food,45,67861,18,1.8,Yes
144,Meghan Weiss,Robertmouth,"Administrator, local government",Clothing,56,71218,5,3.7,No
145,Eric Brown,New Louistown,"Geneticist, molecular",Sports,22,145278,1,3.7,No
146,Janet Ramirez,Kennethshire,"Lighting technician, broadcasting/film/video",Sports,46,123372,4,3.7,No
147,Manuel Nguyen,North Katherineborough,Best boy,Food,20,53817,17,4.2,Yes
148,Heather Austin,Sullivanstad,"Editor, film/video",Sports,63,135747,14,3.1,Yes
149,Kelly Mccoy,East Jacktown,"Surveyor, rural practice",Electronics,47,50257,4,1.2,Yes
150,Ashley Harris,Gomezhaven,Advertising account executive,Sports,58,117373,14,1.8,Yes
151,Cody Jones,Port Robertfurt,"Therapist, art",Food,21,107621,10,3.9,No
152,Anthony Martinez,Brucetown,Emergency planning/management officer,Books,26,80322,20,2.4,Yes
153,Hunter Evans,Brianside,Barrister,Sports,22,38104,1,3.1,Yes
154,Daniel Dickson,New Tammystad,Solicitor,Clothing,37,95486,17,4.7,Yes
155,Patrick Price,Thomasfurt,Town planner,Books,26,111155,13,1.5,Yes
156,Rodney Smith,North Briana,"Research officer, political party",Sports,18,41262,12,3.8,No
157,Cynthia Hawkins,Williamsfort,Insurance broker,Clothing,19,65216,19,3.1,Yes
158,Brian Green,East Frankbury,Charity fundraiser,Books,30,35673,13,4.0,No
159,Tara Hahn,Sarahfort,Museum/gallery curator,Sports,25,49666,3,4.1,No
160,Melanie Duke,New Maria,"Embryologist, clinical",Food,49,72475,12,4.4,Yes
161,Timothy Flores,Millerland,Metallurgist,Electronics,54,70876,12,2.0,No
162,Christopher Miller,Scottville,Ecologist,Electronics,28,149036,3,2.3,No
163,Steven Jacobs,Sheenatown,Water quality scientist,Food,54,69980,3,1.1,No
164,Holly Mcdonald,Clarkfurt,Operations geologist,Electronics,22,74581,18,3.3,Yes
165,Michael Keith,Edwardchester,Geoscientist,Books,33,146023,18,4.7,No
166,James Kelly,New Katherine,Marketing executive,Clothing,43,87318,4,2.7,Yes
167,James Williams,Figueroaside,"Surveyor, commercial/residential",Food,31,61851,14,2.0,Yes
168,Raymond Jones,Brownside,"Nurse, learning disability",Electronics,47,66159,20,1.5,No
169,Michael Fitzgerald,Cherryton,Ophthalmologist,Food,64,48833,18,3.1,No
170,Joseph Henry,Port Corey,"Engineer, automotive",Electronics,60,47424,20,4.1,Yes
171,Tanya Adams,Paigestad,Agricultural consultant,Books,59,83668,12,1.3,No
172,Kathleen Thomas,New Stephanieberg,Insurance risk surveyor,Food,30,35950,3,2.2,Yes
173,Heather White,New Kimberly,"Restaurant manager, fast food",Books,59,147161,16,2.7,Yes
174,Edward Henry,New Sarah,Environmental manager,Books,64,87595,20,2.9,No
175,William Stone,Port Paulmouth,Set designer,Sports,56,95832,16,3.0,Yes
176,Edward Banks,New Timothy,"Scientist, research (physical sciences)",Books,23,126741,3,3.9,No
177,Michelle Lee,Karentown,Banker,Electronics,59,148372,1,2.4,No
178,Pamela Johnson,North Jonathan,Building surveyor,Electronics,22,116537,4,2.2,No
179,Amy Neal,Mortonland,Sub,Sports,53,68777,11,3.6,Yes
180,John Carroll,Samanthafort,"Accountant, chartered public finance",Clothing,58,78818,12,3.7,No
181,Charles Oconnell,Danielhaven,Petroleum engineer,Food,39,99394,5,1.5,No
182,Mark Gay,Port Heatherberg,"Production assistant, radio",Electronics,39,84346,20,2.6,Yes
183,Christy Hernandez,Kaylaport,Senior tax professional/tax inspector,Electronics,47,91491,12,4.7,No
184,Patricia Castro,Pittmanland,Visual merchandiser,Books,42,103701,2,3.1,No
185,Stacy Rose,Hamiltonchester,Geochemist,Food,50,86431,20,3.8,No
186,Brittany Keller,Rothmouth,Proofreader,Food,20,71263,19,1.6,Yes
187,Jamie Sellers,South Denise,Cartographer,Books,32,51082,6,2.9,No
188,Diana Raymond,Jeffreyside,"Investment banker, corporate",Clothing,24,123971,11,3.4,No
189,Kimberly Jones,Danielville,Clothing/textile technologist,Books,41,63000,2,2.8,Yes
190,Daniel Evans,Petersonfurt,Armed forces logistics/support/administrative officer,Food,47,142730,8,2.9,Yes
191,Shawna Hoffman,Martinhaven,"Exhibitions officer, museum/gallery",Electronics,27,32408,4,2.2,Yes
192,Mrs. Michelle Collins MD,New Ruthport,Nature conservation officer,Books,48,31015,11,4.3,Yes
193,Cynthia Gibbs,South Lisastad,Risk manager,Electronics,45,34626,5,3.0,No
194,Patricia Castro,New Amandamouth,"Scientist, audiological",Sports,22,57678,8,3.7,No
195,Douglas Pace,North Jamesland,Police officer,Books,58,113987,4,2.8,No
196,Mr. Barry Davis IV,Danielleburgh,Immigration officer,Sports,56,80118,5,3.9,No
197,Michael Bryant,Stewartberg,"Psychologist, clinical",Books,22,143620,19,2.7,No
198,Derrick Colon,Medinaport,Information officer,Electronics,35,48370,18,3.8,Yes
199,Craig Holland,East William,Warden/ranger,Books,65,117423,1,2.9,No
200,Meghan Fisher,Johnsonshire,Tax adviser,Sports,43,71865,2,2.8,Yes
201,Catherine Walters,South Cynthiaville,"Engineer, materials",Electronics,31,93625,13,4.2,Yes
202,Sheila Lee,East Tara,Adult nurse,Food,55,110388,20,2.4,Yes
203,Curtis Evans,Joshualand,Air broker,Clothing,23,93271,18,1.0,Yes
204,Thomas Banks,Wrightberg,Retail banker,Electronics,59,132533,7,4.9,Yes
205,Michael Erickson,Amandaview,Child psychotherapist,Clothing,39,105374,5,1.2,Yes
206,Brian Odonnell,South Christian,Fisheries officer,Electronics,34,109733,7,3.0,Yes
207,Cindy Burton DVM,North Jessicaberg,"Clinical scientist, histocompatibility and immunogenetics",Books,60,132681,12,3.3,Yes
208,Gabriel Marshall,Port Jennifermouth,Early years teacher,Clothing,40,61501,11,3.9,Yes
209,Roger Holmes,Johnshire,Television production assistant,Sports,64,49753,9,2.5,No
210,Christopher Donovan,East Kristinland,"Engineer, maintenance (IT)",Sports,46,55455,4,2.9,No
211,Michael Campbell,South Monica,"Accountant, chartered management",Books,46,51000,10,4.3,Yes
212,Sean Meyer,South Bruceshire,Forensic psychologist,Sports,19,87554,17,4.8,Yes
213,Samantha Jones,Dudleyhaven,Quarry manager,Food,64,129527,15,4.2,Yes
214,Gary Klein,South Kathleenmouth,Conference centre manager,Sports,22,47223,7,2.9,No
215,Hailey Anderson,Williamstown,Equality and diversity officer,Books,25,132695,12,2.2,Yes
216,Julie Carroll,Brandtfurt,"Geologist, engineering",Clothing,36,74887,12,2.9,No
217,Lisa Gill,Lake Jamestown,Insurance account manager,Electronics,52,82172,8,1.4,Yes
218,Anthony Brown,New Ryanport,Operational investment banker,Food,39,137918,11,4.2,No
219,Frank Glover,South Christine,Records manager,Sports,48,136850,19,2.5,Yes
220,Brian Jones,Bateshaven,"Engineer, land",Clothing,25,124384,13,1.1,Yes
221,Christina Joseph,Flynnmouth,"Nurse, learning disability",Sports,43,94337,6,1.9,Yes
222,James Farley,Kevinhaven,"Editor, film/video",Electronics,64,108795,15,3.9,Yes
223,Nancy Ramos,East Jamesport,Advertising account executive,Books,54,34900,11,4.2,Yes
224,Tracy Lewis,Kellytown,Optometrist,Food,61,45557,12,1.8,No
225,Dana Acevedo,Johnsonfort,Civil Service fast streamer,Food,45,125021,9,4.2,No
226,Laura Bell,Bushton,"Engineer, materials",Food,44,122603,19,1.9,Yes
227,James Bell,Sherriton,Illustrator,Sports,31,62777,14,2.6,No
228,Katrina Noble,Port Jasonshire,Optometrist,Sports,43,59784,0,3.5,No
229,Emily Glenn,Smithhaven,Chartered accountant,Books,38,41462,15,1.1,Yes
230,Chelsea Watkins,Lake Colleen,"Engineer, manufacturing",Electronics,25,94289,7,3.4,Yes
231,Brian Cox,West Zacharymouth,Commercial art gallery manager,Books,50,82076,13,1.1,Yes
232,Teresa Reid,Port Michelefort,Race relations officer,Electronics,52,123592,8,2.9,Yes
233,Wendy Moore,Elizabethhaven,Field trials officer,Food,21,47226,3,1.4,No
234,Andrew Pratt,Bryanchester,Analytical chemist,Sports,31,135033,7,1.1,Yes
235,Rebecca Allen,South Cheryl,"Engineer, building services",Food,19,34117,5,2.4,No
236,Rhonda Powell,Andreaborough,Police officer,Food,37,32022,3,3.4,Yes
237,Aaron Jarvis,Seanhaven,"Administrator, charities/voluntary organisations",Sports,26,31993,7,3.6,Yes
238,Mr. Samuel Cardenas,Fergusonstad,Government social research officer,Food,46,52023,14,3.1,Yes
239,Joshua Dominguez,New Andrea,"Programmer, multimedia",Clothing,42,143169,0,2.0,Yes
240,Matthew Bates,Campbelltown,Community pharmacist,Clothing,32,82653,0,3.3,Yes
241,Laura Wolfe,Laurabury,Television floor manager,Sports,24,71751,4,1.1,Yes
242,Mr. Joshua Banks,Lake Cindy,Engineering geologist,Books,23,70494,19,3.4,Yes
243,Christopher Wolfe,Rosariostad,Oncologist,Clothing,18,49681,4,3.8,Yes
244,Suzanne Bowman,West Reneetown,Cabin crew,Electronics,49,31853,0,1.1,Yes
245,Francis Estrada,Lake Tamara,Merchant navy officer,Sports,40,122973,8,2.7,Yes
246,Derek Greer,Lake Brittanybury,"Engineer, civil (contracting)",Sports,57,54521,13,4.9,No
247,Kathleen Alvarado,Jeffreyside,Clinical embryologist,Sports,58,126367,8,2.3,No
248,John Jacobs,Jenkinston,Video editor,Food,27,65511,18,4.9,No
249,Tracy Kramer,Jamesview,"Editor, magazine features",Food,19,111021,7,2.6,No
250,Donna Hunt,West Kelly,Garment/textile technologist,Books,54,55333,17,4.5,No
251,Cindy Berry,South Debbieberg,"Engineer, electrical",Books,32,30996,8,1.4,Yes
252,Kenneth Estes,Sheltontown,"Surveyor, land/geomatics",Food,40,74592,13,4.1,Yes
253,Jean Wagner,Krystalfurt,Barrister,Food,34,107890,14,1.9,No
254,Alexander Craig,Rodriguezborough,Local government officer,Sports,52,67490,7,2.5,Yes
255,Mrs. Diana Delgado,Cheyenneshire,Waste management officer,Electronics,22,145316,12,3.0,Yes
256,Isaac Duran,Lake Jason,"Librarian, academic",Clothing,31,37912,20,3.4,Yes
257,Jared Sanford,South Amyhaven,Chartered legal executive (England and Wales),Electronics,58,58004,9,2.7,Yes
258,Nathaniel Gonzalez,Brooksfort,"Horticulturist, commercial",Food,44,56273,13,2.5,No
259,Jamie Scott,Tonyville,Theatre director,Books,62,47398,4,1.3,No
260,Kelsey Keller,North Destinyview,Conference centre manager,Food,36,45403,8,3.5,No
261,Anna Smith,North Daniel,"Runner, broadcasting/film/video",Electronics,47,40594,16,2.8,Yes
262,Jeffrey Miller,Sharonhaven,"Engineer, civil (contracting)",Books,45,69076,8,4.7,No
263,Victoria Morris,Rayshire,Insurance underwriter,Sports,42,32937,6,2.5,No
264,Samuel Harper,Vaughnmouth,Pensions consultant,Electronics,64,133085,1,1.4,No
265,Jeffrey Silva,Lake Rosschester,Diplomatic Services operational officer,Food,43,89610,5,3.5,Yes
266,Jacob Thompson,Crawfordmouth,Call centre manager,Clothing,40,62267,13,3.0,Yes
267,Martha Fox,Lake John,Pensions consultant,Food,65,144249,9,2.9,No
268,Heidi Gould,South Lisa,Sales promotion account executive,Clothing,53,104160,10,4.1,No
269,James Hays,Harringtonville,Hospital pharmacist,Clothing,24,142117,6,3.6,Yes
270,James King,East Kevinside,"Surveyor, rural practice",Electronics,39,106898,3,4.7,Yes
271,Alicia Henderson,New Markmouth,Geochemist,Sports,62,144006,17,4.5,Yes
272,Holly Aguilar,West Tiffany,Clinical biochemist,Clothing,46,116936,3,4.7,Yes
273,Lauren Davis,Farmerport,Visual merchandiser,Food,24,115773,5,4.2,Yes
274,Stephanie Thomas,Bryantport,Theatre manager,Food,37,90091,2,4.7,Yes
275,Melissa Rivers,Alexville,Research scientist (life sciences),Electronics,20,138906,3,3.8,Yes
276,Sarah Hamilton,Nicholaschester,"Conservator, furniture",Books,48,51447,16,3.8,No
277,Glenn Villa,Michaelton,Textile designer,Sports,55,53064,0,4.2,Yes
278,Katherine Martin,Bergertown,Restaurant manager,Clothing,19,83306,19,3.4,No
279,Jeffery Jones,Joannaburgh,Occupational hygienist,Books,47,36677,15,4.4,No
280,Christopher Anderson,South Zachary,Energy manager,Sports,34,143889,20,3.0,No
281,Lori Pacheco,Perrymouth,Haematologist,Electronics,61,59160,3,3.6,No
282,Jessica Thomas,South Lisa,Chartered public finance accountant,Electronics,60,143627,8,3.4,Yes
283,Teresa Hernandez,North Debbie,Physiological scientist,Books,48,126262,8,3.6,Yes
284,Kristen Stevens,Taylorhaven,Television camera operator,Electronics,33,137294,3,2.5,No
285,Pamela Hardy,New Marie,Information systems manager,Books,19,58069,1,3.5,Yes
286,James Nguyen,South Sandraport,Museum/gallery exhibitions officer,Clothing,56,141757,11,2.1,Yes
287,Francisco Roach,Tiffanyside,"Doctor, general practice",Sports,23,86234,5,2.7,No
288,Travis Holland,Harveyville,Toxicologist,Electronics,46,80355,16,4.0,No
289,David Thomas,Fitzpatrickborough,Patent attorney,Clothing,34,126586,2,1.7,Yes
290,David Boone,North Laurie,Learning mentor,Electronics,44,43821,9,1.4,No
291,Caitlin Freeman,Beasleymouth,"Teacher, adult education",Clothing,27,101362,5,4.2,No
292,Sara Henry,Thompsonland,"Scientist, research (medical)",Electronics,44,136306,5,1.7,Yes
293,Lindsey Hardin,Zoechester,Passenger transport manager,Food,62,119409,19,1.9,No
294,Mario Perry,East Brittneyborough,"Accountant, chartered",Food,33,112161,1,4.8,No
295,Ricky Cross,New Ashley,Charity fundraiser,Clothing,54,87910,19,2.5,Yes
296,Christine Rodgers,Vickieborough,Insurance broker,Food,28,34317,9,2.1,Yes
297,Christine Sexton,Jefferytown,Copy,Electronics,18,46859,8,3.1,No
298,Jacqueline Butler,New Judy,Education administrator,Clothing,25,93021,2,1.7,No
299,Susan Fox,Lake Theresaton,Physiotherapist,Clothing,58,54807,13,1.2,Yes
300,Bailey Curry MD,Morganfort,Armed forces technical officer,Books,20,37662,8,2.1,No
301,Johnny Montoya,South Kathy,Lobbyist,Clothing,62,139001,7,3.7,No
302,Alison Mcbride,South Tyler,Secretary/administrator,Books,61,64967,14,2.7,No
303,Linda Harvey,West Thomasburgh,Licensed conveyancer,Clothing,43,51968,1,2.2,Yes
304,Christina Silva,East Alisonstad,Chemical engineer,Sports,46,32380,20,1.9,Yes
305,Daniel Rojas,Port Michael,Commercial horticulturist,Sports,19,105994,18,1.3,Yes
306,Paula Gutierrez,Kellybury,Museum/gallery conservator,Books,30,89735,13,1.8,Yes
307,Kristy Johnson,New Jeremyfurt,Technical sales engineer,Books,48,140782,12,4.1,Yes
308,Jeremy Barr,New Amystad,Print production planner,Electronics,39,56091,6,1.2,Yes
309,Michael Allen,Traciside,"Conservation officer, historic buildings",Food,48,127417,11,5.0,No
310,Richard Berg,Micheleside,"Psychotherapist, dance movement",Electronics,31,138548,11,1.8,No
311,Michael Fleming,Thomasville,"Biochemist, clinical",Sports,26,98815,20,1.3,Yes
312,Mitchell Yang,West Brandyfurt,Outdoor activities/education manager,Food,63,45849,3,4.3,No
313,Nathan Allen,North Dariusberg,Homeopath,Books,58,38716,16,2.1,No
314,Brian Bryan,Williamton,IT sales professional,Electronics,60,36167,12,4.6,Yes
315,Joseph French,New Jasmine,"Surveyor, insurance",Clothing,38,126262,10,5.0,Yes
316,Leonard Valdez,East Brandonview,Training and development officer,Books,52,92980,14,2.6,Yes
317,Christopher Thomas,Barbaratown,Administrator,Food,64,71242,12,4.7,No
318,Sheena Bush,Johnview,"Research officer, government",Books,22,129995,1,3.0,Yes
319,Dennis Fitzpatrick DDS,Lake Margaretchester,Occupational hygienist,Electronics,20,33782,16,4.1,No
320,Heather Orozco,Cassandrahaven,Chief Technology Officer,Sports,37,103698,2,4.6,No
321,Kenneth Combs,Thomastown,"Therapist, sports",Food,46,62414,14,1.5,Yes
322,Brittany Harris DVM,South Brian,Product designer,Food,41,62705,1,4.4,Yes
323,Michael Diaz,West Brianview,Agricultural engineer,Electronics,43,33546,15,1.8,Yes
324,William Mercado,Lake Nicholas,Accommodation manager,Electronics,65,57422,1,4.1,Yes
325,Katherine Hart,East Christinechester,Fine artist,Books,53,74652,2,2.0,Yes
326,Amanda Phillips,Eddieshire,Food technologist,Clothing,37,128923,2,1.5,No
327,Jason Clark,Thomasborough,Pharmacologist,Food,45,83461,18,2.3,Yes
328,Sonya King,Elizabethfurt,Broadcast presenter,Sports,50,59537,15,1.8,No
329,David Reyes,Tracychester,Theatre manager,Electronics,23,130131,0,1.9,No
330,Vickie Benjamin,Steeleburgh,Arboriculturist,Clothing,38,94462,16,2.0,Yes
331,Wendy Lewis,Port Emilytown,"Journalist, broadcasting",Books,43,140411,2,2.5,Yes
332,Robert Long,East Sharon,Psychotherapist,Electronics,47,49209,3,4.3,Yes
333,Thomas Washington,West Nicoleberg,"Civil engineer, consulting",Electronics,34,149288,10,1.4,No
334,Thomas King,New Coreychester,Retail banker,Food,40,146028,14,2.5,No
335,Jose Taylor,South Danielside,Community pharmacist,Books,35,80691,7,2.0,No
336,Karen Wright,Josephport,Energy engineer,Food,30,44925,3,4.3,No
337,Peter Mcintyre,West Ian,Building control surveyor,Sports,24,149003,7,4.1,Yes
338,Joel Anderson,Kathrynberg,"Optician, dispensing",Food,31,66549,4,3.9,No
339,Brenda Warren,Rodriguezhaven,Energy manager,Sports,27,142777,16,3.4,No
340,Katherine Carter,Williamsstad,"Scientist, research (maths)",Food,38,42368,5,2.9,Yes
341,Brandy Burgess,South Bethany,Science writer,Books,32,43669,11,3.7,Yes
342,Susan Obrien,New Jenniferton,Animal technologist,Books,41,101291,9,2.7,No
343,Terry Ramirez,West Joshua,"Production assistant, television",Sports,20,73410,15,1.9,Yes
344,Carl Brown,Port Caitlin,Curator,Sports,63,42465,2,1.1,Yes
345,Daniel Vaughn,Gilbertberg,IT trainer,Clothing,61,93802,15,1.2,No
346,Joseph Parrish,Danielleland,"Exhibitions officer, museum/gallery",Books,60,133516,11,4.1,No
347,Jimmy Hall,East Kayla,"Nurse, children's",Food,43,31655,17,2.9,Yes
348,Hayden Simmons,New Amyshire,Multimedia specialist,Clothing,37,33781,16,2.5,No
349,Samuel Arroyo,Cameronberg,Dentist,Clothing,43,102212,12,2.6,No
350,Jose Wise,Cannonmouth,Photographer,Sports,21,130730,18,2.8,Yes
351,Angela Novak,Mooneychester,Operations geologist,Food,63,32357,17,4.4,Yes
352,Kenneth Miller,New Jane,Air cabin crew,Clothing,29,47869,5,3.8,Yes
353,Edward Arellano,West Jennaside,Insurance claims handler,Clothing,57,75814,20,2.7,No
354,Philip Brown,Port Travis,Event organiser,Clothing,35,57825,16,2.0,No
355,Jeremy Gonzalez,Leblancport,Biomedical scientist,Sports,21,140703,16,1.8,No
356,Eric Gonzalez,Vasquezstad,Charity fundraiser,Sports,27,61756,18,4.9,No
357,Mary Fry,West Lawrence,Chief Executive Officer,Sports,65,105308,0,3.6,Yes
358,David Lewis,New Michael,Music tutor,Sports,40,42730,4,1.5,No
359,Robert Mcfarland,Garciaport,IT consultant,Books,56,133926,11,4.4,No
360,Jessica Flowers,Phillipsville,Regulatory affairs officer,Food,38,92341,16,1.9,Yes
361,Donna Martinez,Valeriestad,Telecommunications researcher,Clothing,53,88903,0,1.9,Yes
362,Julie Perez,Brandymouth,Planning and development surveyor,Food,47,73100,6,2.8,No
363,Holly Young,Port Dana,Podiatrist,Food,59,43012,9,3.4,No
364,Nicole Holt,Arthurside,"Surveyor, hydrographic",Sports,63,90132,8,2.9,No
365,Mark Phillips,East Randy,"Optician, dispensing",Electronics,61,99308,19,2.7,Yes
366,Michael Moore,Dariusshire,Passenger transport manager,Books,63,49344,11,3.4,No
367,Devin Nelson,Hansenstad,Fashion designer,Clothing,37,128071,1,3.2,No
368,Rachel Hoffman,North Jasonmouth,"Designer, multimedia",Electronics,62,139690,3,3.5,Yes
369,Heather Dickson,Jamesview,Television/film/video producer,Clothing,58,99632,0,1.4,No
370,Michele Smith,East Laurenmouth,"Psychologist, forensic",Books,23,55206,6,5.0,No
371,Patricia Lee,Rosefurt,"Therapist, sports",Books,49,30799,13,3.1,No
372,Donald Brown,Knightside,Set designer,Electronics,39,122538,14,3.4,No
373,Cynthia Vazquez,Richardstad,Physiological scientist,Sports,19,70704,14,3.3,Yes
374,Sandra Pitts,Andreaside,"Engineer, biomedical",Sports,43,85477,18,4.6,Yes
375,Brandon Nelson,East Jessica,"Psychologist, educational",Books,50,68087,8,3.6,Yes
376,Darren Hendricks,North Lisa,Web designer,Books,40,103596,9,3.7,Yes
377,Melissa Ponce,East Terribury,Radio broadcast assistant,Food,57,83746,18,4.6,Yes
378,Rhonda Hernandez,Gonzalezhaven,Social researcher,Electronics,29,60543,3,4.4,No
379,Robert Lee,North Michelleview,Clothing/textile technologist,Food,42,61259,9,4.5,No
380,Matthew Mckinney,East Angel,Wellsite geologist,Electronics,33,45855,16,4.0,No
381,Susan Arnold,Stevensbury,Data scientist,Clothing,47,116607,14,3.0,No
382,Benjamin King,Aprilbury,Illustrator,Food,43,49876,3,2.7,No
383,Samuel Smith,Emmaberg,Systems analyst,Electronics,63,141861,11,2.3,Yes
384,Alexander Johnson,South Terrichester,Adult guidance worker,Sports,29,70562,11,1.5,Yes
385,Cory Bryan,Port Kim,"Designer, ceramics/pottery",Books,53,87214,3,1.6,No
386,Brittany Hooper,New Steven,"Programmer, multimedia",Sports,30,96752,5,1.9,Yes
387,Norma Little,Hunterville,"Chemist, analytical",Books,44,126432,15,3.3,No
388,Allison Nguyen,Port Donald,Architect,Electronics,27,132626,4,2.4,No
389,Carolyn Fuller DVM,North Evan,Chiropractor,Sports,63,107891,14,3.2,Yes
390,William Mcintosh,New Charles,Contractor,Clothing,20,146902,10,1.3,No
391,Richard Smith,Johnsonview,Sub,Electronics,41,45998,16,3.8,No
392,Tristan Harris,New Angelicahaven,Retail merchandiser,Sports,53,31381,16,4.1,No
393,Loretta Smith,East Nicoletown,Print production planner,Electronics,44,130960,0,3.4,Yes
394,Tammy Smith,Lisaport,"Producer, radio",Books,60,66362,19,2.4,Yes
395,Gina Alexander,Angelaport,Adult guidance worker,Clothing,45,94784,0,4.9,Yes
396,Daniel Garcia,Latoyashire,Paramedic,Sports,59,92487,15,4.1,Yes
397,Thomas Williams,Michaelhaven,"Horticulturist, amenity",Sports,54,47174,8,2.4,Yes
398,Kathleen Taylor,South Donna,Prison officer,Books,42,66562,5,1.3,Yes
399,Matthew Castillo,East Jeffery,Dispensing optician,Electronics,49,116845,2,3.9,No
400,Angel Scott PhD,Lake Michaelmouth,Radiation protection practitioner,Sports,31,52202,16,2.7,Yes
401,Rachel James,North Feliciaport,Geoscientist,Clothing,40,37325,0,3.7,Yes
402,Joseph Moore,Cherylmouth,"Engineer, aeronautical",Clothing,59,90219,8,3.1,No
403,Christine Kane,Jessicahaven,"Scientist, research (medical)",Clothing,45,147845,19,1.2,No
404,Jeffrey Boone,New Wayne,"Therapist, occupational",Books,28,53268,16,3.8,No
405,Michael Powers,Collierland,Bookseller,Books,33,140996,7,4.8,No
406,Vanessa Garcia,Calhounview,"Therapist, nutritional",Food,27,122736,12,1.3,No
407,Sharon Barber,South Evelyn,"Producer, radio",Sports,25,73431,14,3.6,No
408,Gina Spencer,West Sheilaville,Freight forwarder,Books,22,132822,14,4.1,Yes
409,Rachael Thompson,Joburgh,International aid/development worker,Books,58,119212,19,1.2,No
410,David Garcia,Wilsonfort,Chartered management accountant,Clothing,62,35212,5,2.1,Yes
411,James May,North Scott,Garment/textile technologist,Electronics,65,71353,16,4.0,Yes
412,Kimberly Rodriguez,Sandershaven,Housing manager/officer,Sports,41,51020,12,1.5,No
413,Eric Martinez,East George,Public relations officer,Books,38,67137,2,1.9,No
414,Michael Orr,Austinshire,"Chemist, analytical",Electronics,38,90798,8,3.6,No
415,Chad Chase,Velasquezberg,Catering manager,Sports,57,44900,13,5.0,Yes
416,Jessica Hernandez,Shawnbury,"Scientist, audiological",Electronics,64,118758,5,2.2,No
417,Omar Wolf,Richardfort,Corporate investment banker,Clothing,62,130736,0,3.7,Yes
418,Vanessa Schmitt,New Tylerstad,"Designer, furniture",Electronics,44,143159,13,2.4,Yes
419,Jose Mendoza,North Stephanieville,Mudlogger,Books,19,38579,15,1.3,No
420,Gloria Irwin,Steelebury,Minerals surveyor,Books,56,95275,11,4.7,Yes
421,Lisa Smith,South Joannetown,"Engineer, manufacturing",Electronics,63,128245,18,4.8,Yes
422,Michael Morris,Cathyville,Insurance account manager,Books,59,131214,20,2.5,No
423,Christopher Anderson,Mclaughlinhaven,Careers adviser,Books,57,66427,18,2.4,Yes
424,Joseph Rojas,Gomezstad,Dentist,Food,33,87082,8,4.0,No
425,Melinda Campbell,East Robertmouth,Recruitment consultant,Books,38,90653,17,3.1,No
426,Matthew Watkins,New Michaelton,Forensic scientist,Clothing,50,91880,7,4.1,Yes
427,Colin Rowe,Fullertown,Research scientist (medical),Clothing,25,144469,18,2.7,No
428,Kimberly Garcia,Deanside,Community arts worker,Food,59,106273,2,4.7,No
429,Kelly Harris,Colefort,Printmaker,Books,59,91568,8,3.6,No
430,Daniel Henderson,Maryview,"Scientist, research (medical)",Sports,39,148523,10,3.6,Yes
431,Erin Patel,South Pamelaville,"Investment banker, corporate",Electronics,59,123081,13,3.8,Yes
432,William Reed,South Richard,Archivist,Books,41,85909,15,1.6,No
433,Monica Martin,Bartlettberg,Translator,Clothing,36,94017,18,2.0,Yes
434,Travis Ortiz,West Robyn,"Production assistant, television",Clothing,39,102052,13,2.5,Yes
435,Leonard Mcdonald,Millsborough,Psychiatrist,Sports,63,124706,11,2.0,No
436,Pamela Stokes,Estradafurt,"Buyer, industrial",Clothing,61,51683,19,2.8,No
437,Charles Ryan,North Jacquelinechester,Product designer,Books,47,87823,18,3.3,Yes
438,Melissa Ortiz,East Ashley,"Nurse, adult",Food,47,70340,1,4.3,No
439,Benjamin Patton,Phamville,"Civil engineer, consulting",Books,60,145291,16,4.9,Yes
440,Kevin Taylor,Ashleyburgh,Graphic designer,Books,59,121486,12,3.4,Yes
441,Sheila Alvarado,Whitefort,"Conservator, furniture",Sports,25,37960,9,2.1,No
442,Paige Haynes,Jonathanmouth,Health service manager,Sports,38,119350,16,4.5,No
443,Melissa Mosley,Gonzalezfurt,Retail banker,Clothing,44,59272,7,5.0,No
444,Mary Roberts,Lake Judith,"Scientist, research (medical)",Food,53,114515,0,2.2,No
445,Stephanie Roberts,Cameronfort,"Investment banker, corporate",Clothing,22,126240,7,4.8,No
446,Rebecca Wood,Lake Bradley,Civil Service administrator,Clothing,54,95971,14,1.6,Yes
447,Robin Thompson,Shellymouth,"Engineer, water",Books,33,81317,2,3.5,Yes
448,Michael Hubbard,Port Patrick,"Engineer, energy",Clothing,27,43557,3,4.8,Yes
449,Colleen Bennett,North Brian,Proofreader,Books,31,71514,4,3.6,No
450,Rebecca Poole,Port Brianchester,"Psychotherapist, dance movement",Books,62,90620,3,3.4,No
451,David Cohen,West Eric,Quality manager,Food,54,147815,11,3.6,No
452,Dr. Bridget Bailey DDS,New Rachelchester,Sub,Food,30,94234,20,3.1,No
453,Janet Lopez,Bryanton,"Surveyor, mining",Clothing,40,57374,13,1.8,No
454,Melanie Dunn,Lake Ashleehaven,Primary school teacher,Clothing,61,54176,9,2.8,Yes
455,Billy Thomas,West Scott,Furniture designer,Electronics,56,77986,12,4.4,No
456,Sue Smith,Justintown,Biomedical scientist,Sports,35,114814,20,4.4,Yes
457,Karen Alvarado,West Tanyaport,Chief Operating Officer,Food,51,60781,6,1.4,Yes
458,Nicholas Davis,Gailberg,Chief Financial Officer,Clothing,35,44339,2,2.9,Yes
459,Paul Padilla,New Mark,Politician's assistant,Books,35,70352,14,2.4,No
460,Cheryl Nguyen,New Natalie,Medical secretary,Clothing,27,96452,17,4.2,No
461,Martin Moore,Lake Maryborough,"Programme researcher, broadcasting/film/video",Sports,37,112451,12,1.9,No
462,Ryan Spears,Benjaminton,Speech and language therapist,Food,51,52394,20,2.0,Yes
463,Todd Bruce,Snowchester,Pharmacologist,Books,37,131485,1,1.7,No
464,Keith Spence,Taylormouth,"Engineer, building services",Food,36,38783,9,1.1,Yes
465,Beverly Wells,Guyland,Landscape architect,Sports,25,37252,18,3.2,No
466,Sydney Adams,West Jessicastad,Legal secretary,Electronics,62,38034,0,3.5,Yes
467,Robin Wood,Port Blake,Physiological scientist,Food,44,45452,0,4.7,No
468,Shawn Hanna,Tylerton,Company secretary,Clothing,43,37668,14,4.3,Yes
469,Shawn Carr,Williamstad,Chartered certified accountant,Electronics,65,123076,18,2.2,Yes
470,Gary Serrano,Port Taraburgh,"Accountant, chartered certified",Sports,46,114909,11,4.0,Yes
471,Lauren Castillo,Muellerview,Games developer,Sports,31,68594,12,1.8,Yes
472,Roger Bailey,West Perry,"Journalist, newspaper",Sports,32,50227,9,3.9,Yes
473,Carrie Clayton,Port Yvonneberg,Learning mentor,Sports,29,41047,2,3.8,No
474,Anthony Garcia,East Sharon,Animator,Food,54,100465,20,5.0,Yes
475,Joel Gamble,West Bryan,Chief Operating Officer,Sports,63,48992,10,2.1,No
476,Carly Smith,Williamfort,Data processing manager,Clothing,35,55563,10,3.7,No
477,Mike Carter,Barrystad,"Merchandiser, retail",Sports,50,113687,1,1.5,Yes
478,Meghan Brown,East Sarahmouth,Building surveyor,Books,61,100100,9,1.1,Yes
479,Samantha Thomas,Baileyshire,Television camera operator,Books,51,120454,12,1.6,Yes
480,Cheryl Washington,Brianmouth,"Engineer, manufacturing systems",Sports,21,65491,10,3.0,No
481,Isaac Davis,West Vanessa,"Buyer, industrial",Sports,28,134088,10,4.1,Yes
482,Adam Graves,East Linda,"Copywriter, advertising",Electronics,65,63763,3,1.7,Yes
483,Christopher Mcguire,Michaelmouth,Theatre director,Sports,55,148805,11,2.2,Yes
484,Randy Sherman,New Jay,Advertising art director,Books,26,30442,4,3.2,No
485,Christopher Sanders,Choiland,"Engineer, electrical",Food,65,57377,4,4.2,Yes
486,Rachel Fleming,West Travis,Veterinary surgeon,Clothing,35,92195,4,1.4,Yes
487,James Jackson,Port Tina,Heritage manager,Sports,63,126626,6,3.1,No
488,Rose Brown,South Thomasberg,"Buyer, retail",Food,31,99620,20,1.9,No
489,Natalie Stone,New Angelaborough,Legal secretary,Sports,56,130440,10,4.0,No
490,Timothy Pace,Dalehaven,Outdoor activities/education manager,Sports,58,44599,15,2.6,Yes
491,Anthony Lewis,West Darlene,"Education officer, environmental",Sports,56,90499,19,1.6,No
492,Travis Patterson,East Elizabethburgh,Information systems manager,Sports,37,88254,19,4.3,Yes
493,Madison Schmidt,Samuelchester,Government social research officer,Clothing,59,85742,9,3.0,No
494,Samantha Woods,Zavalaton,Set designer,Sports,25,78372,0,1.7,Yes
495,James Garcia,Lake Margaret,Ship broker,Clothing,48,139254,5,3.6,No
496,Thomas Nash,Jacksonshire,Communications engineer,Books,62,99995,16,1.3,Yes
497,Brian Henderson,North Stacy,Architectural technologist,Sports,31,128543,0,4.3,Yes
498,Christine Olson,East Nathan,Lawyer,Food,18,80470,4,3.5,Yes
499,Ms. Maria Mcgrath MD,East Andrew,Geophysical data processor,Sports,63,99863,20,4.2,No
500,Thomas Walsh,Briannaberg,Agricultural consultant,Food,45,61880,18,3.3,Yes
501,Justin Johnson,West Michelle,Manufacturing engineer,Clothing,54,117376,11,1.8,Yes
502,Tony White,East Manuel,Recycling officer,Food,33,117635,0,4.3,Yes
503,Dr. Cynthia Johnson DVM,West Veronicafurt,Aid worker,Books,23,78084,14,1.8,Yes
504,Harold Snyder,Weberview,"Scientist, research (medical)",Electronics,21,116032,9,4.7,No
505,Rhonda Hicks,West Nicolebury,Commercial/residential surveyor,Electronics,26,137367,15,3.6,Yes
506,Julie Collins,Morganchester,"Chemist, analytical",Books,28,90813,6,4.5,No
507,Kristina Green,East Rodney,Maintenance engineer,Clothing,34,80125,6,2.5,Yes
508,Thomas Daniels,South Jeremiah,Arts administrator,Books,59,96021,3,1.0,Yes
509,Andrew Pena,Crystalstad,Health visitor,Electronics,22,106762,3,1.5,Yes
510,Douglas Chapman,Rosschester,Health promotion specialist,Books,31,47524,6,1.8,Yes
511,Donna Gonzales,Jillburgh,Tax inspector,Food,42,59492,11,4.7,Yes
512,Bradley Brown,North Lori,"Editor, magazine features",Food,27,148796,19,3.4,Yes
513,Jesus Bradley,Lake Johnmouth,Clinical psychologist,Books,27,69537,12,1.7,No
514,Francisco Mcconnell,West Christopherburgh,Press sub,Electronics,55,93023,9,4.7,No
515,David Smith,Scottmouth,Graphic designer,Electronics,65,98959,13,4.3,Yes
516,Kevin Jimenez,West Jennifer,Arboriculturist,Food,19,123527,18,4.8,No
517,Denise Rice,Port Jodi,"Designer, television/film set",Books,23,136193,19,1.9,Yes
518,Frank Roach,Hansentown,"Teacher, primary school",Books,46,45585,7,3.2,Yes
519,Joel Diaz,South Angela,"Engineer, civil (consulting)",Food,28,71636,2,1.6,Yes
520,Robert Williams,Lake Kennethfurt,Public relations officer,Food,18,110649,10,2.5,Yes
521,Chloe White,East Christinatown,Furniture designer,Food,31,96256,10,1.5,Yes
522,James Johnston,West Margaretberg,"Production assistant, radio",Sports,33,124692,12,1.2,No
523,Ryan Chambers,Ibarraberg,Clinical biochemist,Electronics,64,35427,18,1.3,Yes
524,Robin Espinoza,East Jessicabury,Media buyer,Sports,41,130043,2,1.3,No
525,Michael Austin,Herringchester,"Surveyor, mining",Clothing,26,118877,20,4.8,Yes
526,Matthew Williams,Yumouth,TEFL teacher,Books,50,144948,9,2.7,Yes
527,William Dominguez,Gouldview,Textile designer,Electronics,40,101092,11,4.8,No
528,Alexa Moore,North Brianburgh,"Exhibitions officer, museum/gallery",Food,52,122701,18,1.0,No
529,Adam Harris,Devinmouth,"Scientist, water quality",Electronics,38,34190,15,3.8,Yes
530,Christina Jacobs,South Seanborough,Technical author,Food,51,124976,20,1.9,Yes
531,Brittany Luna,South Justinhaven,Hospital doctor,Sports,49,121632,16,4.2,Yes
532,Kathryn Graves,North Dawntown,Cytogeneticist,Books,55,49459,2,4.6,No
533,Jessica Soto,Weberstad,Event organiser,Clothing,55,122304,20,3.2,No
534,Jacob Jackson,Brownport,Make,Clothing,53,79389,11,1.2,No
535,Elizabeth Fox,Sandraland,Secondary school teacher,Books,47,101294,20,1.4,No
536,Cheryl Francis,East Kristinfurt,Cabin crew,Food,64,94590,0,2.0,Yes
537,Stephanie Fisher,Kimberlymouth,Clinical biochemist,Electronics,36,128096,1,4.2,No
538,Deborah Smith,Brownview,Banker,Food,44,120869,0,2.9,Yes
539,Jonathan Jones,East Kimberly,Learning disability nurse,Books,55,70311,0,2.6,No
540,Stephanie Miller,Rachelview,Holiday representative,Food,50,68673,19,1.5,Yes
541,Dylan Johnson,North Keith,"Engineer, civil (consulting)",Clothing,23,89743,5,4.5,Yes
542,Crystal Fisher,West Christopher,Forest/woodland manager,Food,28,80601,3,3.8,No
543,Jessica Yang,Popeview,"Teacher, music",Sports,28,51730,4,4.9,No
544,Megan Smith,Feliciafort,Legal secretary,Food,32,41408,16,3.4,No
545,Michelle Murphy,Mooreland,Chiropractor,Books,49,82617,5,4.9,Yes
546,Regina Baird,Alanville,"Geologist, wellsite",Food,33,85595,9,3.9,Yes
547,Mr. Dylan Durham,Ronaldfort,"Physicist, medical",Electronics,57,33682,8,4.7,Yes
548,John Griffin,Hayschester,"Horticulturist, amenity",Sports,25,112689,16,3.5,No
549,Tyler Moyer,Christinaborough,Insurance risk surveyor,Food,64,40770,17,4.4,Yes
550,Kevin Thompson,East Christopher,TEFL teacher,Clothing,40,36949,6,1.8,No
551,Ronald Dawson,Lake Melodystad,"Librarian, academic",Clothing,53,130955,13,2.7,No
552,Timothy Ramirez,Rossview,"Engineer, biomedical",Sports,48,113203,10,3.1,Yes
553,David Arnold,Nicolechester,Research scientist (life sciences),Clothing,48,122786,3,3.4,No
554,Richard Simpson,Melindaland,Editorial assistant,Books,38,91282,11,4.2,Yes
555,Elizabeth King,Ryanville,Corporate treasurer,Books,45,129504,7,2.7,No
556,Keith Ho,North Christopher,Futures trader,Clothing,62,78911,1,3.2,Yes
557,Kim Rosales,Lake Elizabethbury,Government social research officer,Books,24,127162,12,2.6,Yes
558,Tiffany Brown,Port Antonio,International aid/development worker,Clothing,40,43651,19,3.0,Yes
559,Melissa Robinson,Port Craig,Exercise physiologist,Electronics,56,49678,4,2.8,No
560,Annette White,Annaberg,Operations geologist,Sports,60,53163,6,3.2,No
561,David Thompson,Robertsonmouth,"Editor, commissioning",Clothing,20,60078,6,4.1,Yes
562,Jacob Watkins,Vasquezberg,"Administrator, local government",Clothing,34,139468,15,2.8,Yes
563,Richard Banks,New Sarahbury,Architect,Electronics,21,74268,11,2.0,Yes
564,David Pacheco,South Pamela,Chartered legal executive (England and Wales),Electronics,41,50145,15,2.7,No
565,Phillip Webster,Emmatown,"Designer, multimedia",Electronics,59,143278,16,2.5,No
566,Shawna Lewis,Brownshire,"Lighting technician, broadcasting/film/video",Clothing,25,31592,20,1.5,No
567,Darius Davis,Jacksonhaven,"Engineer, manufacturing",Sports,52,70976,13,4.0,No
568,Timothy Jenkins,South Jameshaven,Production engineer,Clothing,56,85627,17,4.7,Yes
569,Valerie Knight,Dixonchester,Building control surveyor,Clothing,52,128480,7,4.2,No
570,Laura Pope,Port William,Museum/gallery conservator,Clothing,41,130957,13,3.0,Yes
571,Heather Barnett,Lake Autumnborough,"Engineer, civil (consulting)",Sports,51,102639,17,3.4,No
572,Lisa Hernandez,Brooksmouth,"Editor, film/video",Clothing,36,35406,14,4.7,Yes
573,Jack Ibarra,Torreschester,Air broker,Electronics,49,86408,14,2.9,Yes
574,Bradley Elliott,Lake Elizabeth,"Geneticist, molecular",Books,53,88466,12,4.9,Yes
575,Tara Mejia,Tylerstad,Site engineer,Electronics,29,74621,3,2.8,No
576,Rebecca Casey,New Jamesville,Cartographer,Sports,45,82963,14,3.9,Yes
577,Charles Diaz,East Joshua,Product/process development scientist,Books,37,91854,3,1.0,Yes
578,Michael Gibson,South Ginaburgh,"Designer, ceramics/pottery",Clothing,22,118335,10,2.7,No
579,Christina Dawson,Lake Diane,"Programmer, multimedia",Books,41,149232,15,4.7,No
580,Felicia Rivera,Ortegaborough,"Psychologist, occupational",Sports,39,137010,15,3.3,Yes
581,Dr. Tammy Frazier,Weaverview,Personal assistant,Food,50,40643,14,4.3,Yes
582,Shari Mckay,Jenniferview,Quarry manager,Clothing,31,107488,5,4.4,No
583,Tracey Reid,Nicolehaven,"Scientist, clinical (histocompatibility and immunogenetics)",Clothing,44,80593,20,3.6,Yes
584,Dustin Wright,Riddlebury,Civil Service fast streamer,Sports,56,39019,17,3.7,Yes
585,Daniel Barker,North Claudia,"Radiographer, therapeutic",Books,22,143162,2,4.8,Yes
586,Lance Espinoza,South Stacy,International aid/development worker,Books,29,114791,14,1.4,No
587,Samuel Simpson,West Austinchester,Teaching laboratory technician,Electronics,20,109175,3,4.5,Yes
588,Melinda Ramirez,South Davidside,"Horticulturist, amenity",Electronics,29,49849,13,3.2,No
589,Amy Butler,South Williamside,"Doctor, hospital",Clothing,48,122845,18,3.3,Yes
590,Christopher Johnson,Martinezstad,Lexicographer,Books,25,70687,6,3.6,Yes
591,Peter White,Strongchester,Risk analyst,Sports,42,143095,14,2.7,No
592,Kim Golden,Perkinsfort,International aid/development worker,Food,37,87711,20,1.8,No
593,Jonathan Bernard,North Jason,"Sound technician, broadcasting/film/video",Food,62,81822,0,3.2,Yes
594,George Patterson,Raymondmouth,Editorial assistant,Electronics,33,129023,20,2.9,Yes
595,William Norman,Rebeccaton,"Scientist, biomedical",Electronics,47,127009,9,2.9,Yes
596,James Sanchez,Amandamouth,Paramedic,Electronics,42,119272,13,1.0,Yes
597,Thomas Delacruz,New Catherinetown,"Designer, multimedia",Sports,35,96530,10,1.2,Yes
598,Shannon Davis,Erinshire,Press sub,Clothing,48,110196,5,1.1,Yes
599,Rebecca Sanders,New Hollyland,Television production assistant,Books,27,148010,14,1.7,Yes
600,Robert Miller,New Davidshire,Physiotherapist,Books,58,54855,4,4.9,No
601,Robert Olson,Port Donnaport,Risk manager,Electronics,44,106895,19,2.7,Yes
602,Kristin Whitehead,Timothyton,"Engineer, maintenance (IT)",Clothing,59,102413,12,3.2,No
603,Katie Farrell,Danielleport,Aeronautical engineer,Books,28,45235,3,1.8,No
604,Danny Henderson,North Manuel,Brewing technologist,Electronics,64,38167,12,2.0,Yes
605,Stacy Cunningham,North Robert,"Sound technician, broadcasting/film/video",Clothing,32,135119,16,2.5,No
606,Kristopher Clark,South Carolynshire,Corporate investment banker,Clothing,23,131909,7,4.0,Yes
607,Nathan Murphy,Port Deanna,Minerals surveyor,Sports,28,93404,11,4.2,Yes
608,Katherine Burton,Patrickshire,Immigration officer,Electronics,27,60976,5,4.6,Yes
609,Victoria Oconnor,West Sheryl,Print production planner,Electronics,52,116606,0,1.0,Yes
610,Matthew Pena,Port Davidport,English as a foreign language teacher,Food,35,132254,12,2.9,No
611,Elijah Anderson,Taylorburgh,"Surveyor, quantity",Sports,21,39637,15,4.7,Yes
612,Michelle Velasquez,Gomezbury,Dispensing optician,Clothing,30,120915,0,2.9,Yes
613,Brenda Evans,East Patrick,"Designer, television/film set",Clothing,45,142769,6,3.2,Yes
614,Erica Benitez,Duncanhaven,Ambulance person,Clothing,18,100003,4,1.2,Yes
615,Jessica Reyes,East Martinside,"Engineer, site",Books,47,130338,5,3.8,Yes
616,Felicia Ali,East Rachel,Agricultural consultant,Food,39,125086,15,4.1,Yes
617,Kelly Roberts,East Melissashire,Oceanographer,Food,27,93813,19,1.5,No
618,Mark Bush,Port Annberg,Bonds trader,Sports,24,69620,19,4.7,No
619,Joshua Delgado,Joshuaberg,"Journalist, magazine",Books,46,65490,18,5.0,Yes
620,Alexandra Moore,Jacksonview,Optometrist,Clothing,58,119297,19,3.7,Yes
621,Frank Lewis,New Josephstad,Horticultural therapist,Food,32,101108,17,3.9,No
622,Diana Wilson,Carolineborough,"Designer, furniture",Books,18,55178,12,1.6,No
623,Hannah Schmitt,South Veronicaberg,"Accountant, chartered certified",Clothing,21,128654,16,4.0,No
624,Timothy Cook,West Brian,Land/geomatics surveyor,Clothing,61,91205,4,3.8,No
625,Charlotte Cook MD,Port Harry,Illustrator,Electronics,48,100076,20,2.9,Yes
626,Edward Murray,Catherineside,Medical laboratory scientific officer,Clothing,23,117430,20,5.0,No
627,Heidi Lutz,Murphymouth,Sport and exercise psychologist,Books,31,70650,1,4.0,Yes
628,Clifford Walker,East Karenfort,Radiation protection practitioner,Sports,46,57334,20,1.1,Yes
629,Brooke Morgan,West Karentown,Educational psychologist,Books,23,48087,1,2.0,Yes
630,Clayton Hoffman,Edwardsport,Building control surveyor,Clothing,57,34301,2,1.1,Yes
631,Sandra Jacobs,Raymondstad,Charity officer,Books,38,79963,10,3.5,Yes
632,Jeremy Brown,New Jenniferberg,Special educational needs teacher,Sports,63,140884,0,3.2,No
633,Steven Bishop,Scottburgh,"Accountant, chartered certified",Books,40,146410,14,2.5,Yes
634,Eric Montgomery,Lake Angelabury,Structural engineer,Sports,38,112372,2,1.5,Yes
635,Willie Murphy,Daystad,Market researcher,Electronics,62,124524,2,1.0,No
636,Michelle Kennedy,Port Joshua,Automotive engineer,Clothing,26,138917,10,3.5,Yes
637,Christine Herrera,West Nicoleburgh,"Social research officer, government",Books,30,63532,1,4.4,Yes
638,Lisa Robinson,Mooremouth,Public librarian,Books,47,132687,16,3.7,Yes
639,Nancy Clark,Torresburgh,Nutritional therapist,Books,56,105851,16,4.5,Yes
640,Scott Harris,Yangmouth,Chiropractor,Food,59,48184,0,1.8,No
641,Krista Cortez,Port Tyler,"Administrator, charities/voluntary organisations",Clothing,22,126447,0,4.0,Yes
642,Sarah Adams,Port William,Printmaker,Sports,26,96796,20,1.4,Yes
643,Susan Maldonado,Joshuafort,"Designer, textile",Books,21,43904,7,2.5,Yes
644,Robert Huang Jr.,East Evanfurt,"Loss adjuster, chartered",Electronics,48,116807,16,4.1,Yes
645,Kelly Harrison,New Monicaburgh,"Engineer, water",Sports,27,96060,8,2.4,Yes
646,Carmen Wise,Princeville,Patent attorney,Books,43,119629,11,2.8,No
647,Gary Hurst,Susanfort,Naval architect,Electronics,58,116944,1,3.0,No
648,Jason Bush,Port Tiffany,Engineering geologist,Food,20,128149,20,4.5,No
649,Miguel Carson,Amandaside,Public librarian,Clothing,42,136492,14,1.9,Yes
650,April Williams,Heatherbury,Arts administrator,Clothing,34,31956,13,4.1,No
651,Mckenzie Adams,West Lauraberg,Ergonomist,Books,47,120033,11,1.9,No
652,Jeffrey Davis,East Melinda,Ergonomist,Sports,48,80105,0,5.0,No
653,Ashley Hill,Josephport,Immunologist,Books,51,41585,5,1.6,No
654,Alyssa Hammond,Nobleside,"Engineer, civil (consulting)",Electronics,42,129895,12,1.9,No
655,Olivia Perez,Jacksonstad,Cabin crew,Books,43,39791,2,2.0,No
656,Michael Foster,Wallaceland,Retail banker,Books,56,50129,4,1.5,Yes
657,Lori Perez MD,Lisaburgh,Lexicographer,Food,52,80336,5,4.0,No
658,Stephen Rogers,Burgessville,"Geologist, wellsite",Books,35,51226,1,4.3,No
659,Tammy Scott,Scottside,"Engineer, chemical",Sports,45,46115,5,3.9,No
660,Toni White,Port Terrimouth,Dramatherapist,Clothing,54,118934,0,4.6,Yes
661,Adam Nixon,Jerryport,Retail buyer,Food,63,66653,2,2.4,No
662,Karla Holmes,Sotohaven,"Surveyor, quantity",Sports,43,70757,10,1.1,No
663,Stephanie Washington,Ericamouth,Diagnostic radiographer,Food,43,31356,14,4.7,No
664,Alisha Wade,Cynthiahaven,Paramedic,Food,21,78299,0,3.4,Yes
665,Alyssa Mcbride,Perezton,Public librarian,Sports,56,56681,19,4.9,No
666,Amanda Phillips MD,South Samuelbury,"Librarian, academic",Clothing,61,124950,18,3.6,No
667,Amanda Taylor,South Meghanchester,Government social research officer,Food,26,116758,19,3.5,No
668,Shawn Cox,Santiagoville,Aeronautical engineer,Clothing,57,123449,19,4.6,No
669,Ashley Green,South Michelleborough,"Administrator, sports",Books,46,137134,0,4.3,Yes
670,Keith Miller,South Brookeshire,Media buyer,Books,49,127918,3,4.9,Yes
671,Rick Dougherty,Lake Moniquehaven,"Production designer, theatre/television/film",Food,58,128820,5,4.4,Yes
672,Kathy Walters,Quinnstad,"Solicitor, Scotland",Books,36,121819,11,3.4,No
673,Robin Hill,West Kevin,"Engineer, aeronautical",Books,20,43177,3,3.0,No
674,Amber Mathis,Reneefort,Adult guidance worker,Electronics,42,113972,8,4.3,No
675,Jesse Erickson,Thompsonberg,Art therapist,Books,44,127539,10,3.4,No
676,Brenda Acevedo,Santanaborough,Tourist information centre manager,Sports,48,107907,12,4.8,Yes
677,David Adams,Port Davidberg,"Education officer, environmental",Books,47,143119,2,1.1,Yes
678,Gary Lin,Powersbury,"Surveyor, building control",Clothing,52,104443,4,2.3,Yes
679,Jennifer Hayes,North Elizabethville,"Teacher, adult education",Electronics,65,32444,15,4.8,Yes
680,Jessica Galloway,New Theresaland,Mining engineer,Clothing,62,147891,5,4.3,No
681,Andrew White,North Deborah,Illustrator,Food,48,75487,9,4.8,Yes
682,Todd Aguirre,East Nicole,Mental health nurse,Electronics,44,50876,11,3.5,Yes
683,Samantha Spencer,Port Patrickchester,Medical sales representative,Food,61,46298,10,3.9,No
684,Christopher Nixon,Curtisland,Diagnostic radiographer,Food,37,44477,6,4.4,No
685,Marc Ward,New Nathanton,"Scientist, research (maths)",Sports,39,58269,20,2.3,No
686,Karen Oliver DVM,New Robertland,"Lecturer, further education",Books,58,147899,17,1.2,Yes
687,Justin Roberts,East Daniellehaven,Visual merchandiser,Sports,57,33320,2,1.8,No
688,Wayne Murphy,Clarkville,"Designer, graphic",Electronics,30,98707,15,2.6,Yes
689,Cindy Mullins,Webbchester,Print production planner,Sports,43,62879,15,3.5,Yes
690,Daniel Lopez,North Davidfurt,Print production planner,Electronics,45,82704,0,2.6,No
691,Timothy Castillo,Reynoldstown,Exercise physiologist,Books,59,33378,5,3.7,Yes
692,Timothy King,Codybury,"Radiographer, therapeutic",Sports,57,116971,1,3.0,No
693,Courtney King,South Jessicatown,Theatre manager,Electronics,39,63763,6,1.6,Yes
694,Christopher Graham,Churchmouth,"Surveyor, building",Clothing,29,69274,14,4.4,Yes
695,Robert Higgins,Shawport,Research scientist (physical sciences),Sports,56,87317,9,4.7,Yes
696,Denise Elliott,Port Markmouth,Retail merchandiser,Books,30,88876,3,3.6,No
697,Donna Brown,Michaelton,"Therapist, nutritional",Food,63,94065,11,4.5,Yes
698,Manuel Jackson,Tammyland,Advertising copywriter,Clothing,18,59050,9,4.5,No
699,Michael Lopez,North Jessica,Licensed conveyancer,Electronics,56,39649,15,4.4,No
700,Allen Evans,Port Meganview,Radiation protection practitioner,Food,38,108403,4,4.0,No
701,Allison Cook,New Denise,Counsellor,Electronics,32,31985,11,2.9,No
702,Hannah Booth,Doyleberg,Printmaker,Books,56,61776,20,4.9,Yes
703,Deborah Lucero,Lake Michelle,"Engineer, manufacturing systems",Books,52,70907,11,4.5,Yes
704,Edward Banks PhD,Fuentesmouth,"Programmer, multimedia",Electronics,64,86917,5,4.0,Yes
705,William Cole,New Amymouth,Audiological scientist,Food,30,45591,8,1.7,Yes
706,Gabriel Keller,West Karen,Hospital doctor,Clothing,34,145069,5,1.3,No
707,Kimberly Jones,East Beckyfort,Water quality scientist,Clothing,18,121373,13,4.5,Yes
708,Sabrina Foster,Yeseniamouth,Lexicographer,Food,19,89923,11,4.1,Yes
709,Jennifer Reed,Teresamouth,"Exhibitions officer, museum/gallery",Electronics,21,78050,16,1.0,Yes
710,Jacob Allen,Port Kim,Museum/gallery curator,Sports,48,135338,0,3.7,Yes
711,Antonio Hood,Jeffreyhaven,"Therapist, sports",Food,21,98718,14,2.1,Yes
712,Anthony Adams,North Tiffany,"Geneticist, molecular",Books,58,50145,12,1.5,No
713,Shelley Hale,New Aaron,"Buyer, industrial",Books,26,148841,1,4.6,No
714,Lisa James,Davidborough,Interpreter,Books,45,146205,9,3.4,Yes
715,Austin Ryan,Garzamouth,Information officer,Clothing,19,105156,6,4.6,No
716,Steven Barnes,East Jamesview,Ecologist,Clothing,28,77087,9,2.9,Yes
717,Beverly Burton,Lake Erinmouth,Web designer,Clothing,23,55602,1,1.7,No
718,Norma Munoz,North Latoyaberg,Charity fundraiser,Books,60,96868,12,1.3,Yes
719,Mr. Marcus Garcia Jr.,New Carol,"Radiographer, diagnostic",Electronics,31,121558,10,3.2,No
720,Alexandra Brooks,Lake Joshua,Sub,Clothing,21,93078,8,2.3,Yes
721,Jennifer Cooley,Davenporttown,"Scientist, marine",Sports,20,83501,17,1.0,No
722,Lisa Smith,West Elizabethbury,"Secretary, company",Clothing,26,114411,4,3.9,No
723,James Rivera,West Michael,"Engineer, water",Electronics,60,107940,6,4.5,Yes
724,Sandra Carpenter,Adamsburgh,Solicitor,Food,56,135814,6,3.5,Yes
725,Emily Ramos,Leefurt,Transport planner,Food,60,130519,17,4.1,No
726,Michael Rodriguez,Port Christopher,Energy engineer,Electronics,53,139768,0,3.2,Yes
727,Jacob Howell,South Brendastad,Occupational hygienist,Books,30,54626,11,3.1,No
728,Rachel Davis,Halemouth,Actor,Food,47,57221,2,4.5,No
729,Tasha Warren,Jamieburgh,"Scientist, product/process development",Clothing,36,40260,14,2.0,No
730,Tiffany Brown,North Christian,Electrical engineer,Food,62,43948,6,2.9,No
731,Christopher Rodriguez,Tammymouth,"Teacher, primary school",Electronics,53,43857,13,1.9,Yes
732,Troy Allen II,South Lisashire,"Teacher, English as a foreign language",Sports,32,131091,2,2.9,No
733,Jose Smith,Justinborough,"Engineer, maintenance (IT)",Clothing,35,145141,7,2.4,No
734,Hunter Smith,Edwardville,"Engineer, production",Sports,31,102698,4,1.2,Yes
735,Anne Norris,Adamschester,Audiological scientist,Electronics,44,146877,14,4.7,No
736,Megan Jordan,Sharonmouth,"Editor, film/video",Clothing,27,122303,6,1.6,Yes
737,Traci Anderson,Thompsontown,Curator,Sports,55,119338,6,4.1,No
738,Patricia Lee,East Reginamouth,Economist,Sports,44,40981,11,4.4,No
739,Kelly Wilson,Keithtown,"Production designer, theatre/television/film",Electronics,27,42676,10,4.5,Yes
740,Mark Gilbert,South Christopherborough,Psychiatrist,Sports,25,142149,19,2.4,Yes
741,Spencer Doyle,West Seth,Transport planner,Sports,42,84872,7,3.6,No
742,Amber Sullivan,Jordanbury,Community arts worker,Food,61,62900,15,3.1,No
743,Maria Scott,Port Chris,Broadcast journalist,Food,57,105118,1,1.9,No
744,David Buchanan,West Angelaberg,Building surveyor,Books,61,143450,2,4.7,Yes
745,Sharon Adkins,East Robert,"Therapist, speech and language",Sports,47,141389,10,4.3,No
746,Glenn Cochran,Lake Bradburgh,"Education officer, community",Electronics,51,47976,0,2.0,Yes
747,Brittany Johnson,Micheleside,"Restaurant manager, fast food",Electronics,35,131663,13,1.3,Yes
748,John Chavez,Lake Davidbury,Office manager,Food,61,125746,13,4.4,Yes
749,Carl Trevino,Greenchester,Geoscientist,Food,46,71829,8,3.4,No
750,Jeffrey Pineda,Flemingmouth,"Designer, ceramics/pottery",Books,43,119479,0,2.0,Yes
751,Elizabeth Brennan,North Christine,"Lighting technician, broadcasting/film/video",Books,33,122426,12,4.0,Yes
752,Michael Singh,East Jenniferview,Museum/gallery curator,Electronics,46,88321,1,3.1,No
753,Douglas Turner,Kennedyhaven,"Production designer, theatre/television/film",Electronics,39,40449,17,1.2,Yes
754,Sharon Reynolds,Mcdowellview,Chief of Staff,Sports,46,73594,5,2.7,Yes
755,Kelly Morales,Cassieberg,Site engineer,Books,34,38806,19,2.2,Yes
756,Daniel Williams,Simpsonton,Publishing rights manager,Clothing,20,125140,9,4.4,Yes
757,Michael Caldwell,West Christophermouth,Recruitment consultant,Electronics,55,86585,3,3.0,Yes
758,Luke Giles,New Mariahaven,Land,Books,27,136016,2,3.2,No
759,Michael Patterson,Michaelchester,Public relations account executive,Food,40,45151,9,4.7,No
760,Denise Robertson,Frankhaven,"Investment banker, corporate",Clothing,48,84802,11,1.7,Yes
761,Nicholas Nguyen,Leeburgh,Barrister,Food,56,125766,9,3.0,Yes
762,Bryan Ball,Karibury,"Merchandiser, retail",Sports,57,69265,3,4.1,Yes
763,Steven Sweeney,East Andreaside,Ophthalmologist,Sports,46,108983,14,2.1,No
764,Justin Weaver,East Christina,Chief of Staff,Electronics,58,132392,2,1.3,No
765,Olivia Conner,Laurafort,Trade mark attorney,Food,31,108837,13,4.6,Yes
766,Samantha Gardner,Fitzgeraldchester,"Designer, textile",Sports,26,106533,0,1.7,Yes
767,Daniel Gilbert II,Carlosview,Clinical cytogeneticist,Sports,40,70728,11,1.4,No
768,Ross Mcclure,Lake Victoria,"Programmer, multimedia",Clothing,32,134813,20,1.9,Yes
769,Terrence Hebert,East Chaseburgh,Community development worker,Electronics,49,81935,5,2.1,No
770,Shawn Mosley,Lake Edwardside,Naval architect,Clothing,53,47412,15,4.0,No
771,Shane Dean,Lake Anthonymouth,"Engineer, chemical",Clothing,63,127152,13,3.3,No
772,Jennifer Reyes,Transide,"Therapist, occupational",Books,34,57771,1,1.1,Yes
773,Justin Calderon,West Megan,Proofreader,Electronics,31,120812,3,3.3,Yes
774,Kevin Alvarez,South Sarahbury,Occupational psychologist,Books,28,68984,8,2.1,No
775,Jeffrey Hill,Lake Cameronborough,"Engineer, civil (contracting)",Electronics,55,69980,1,1.2,No
776,Keith Mitchell,Ryanhaven,Purchasing manager,Sports,65,50881,14,4.8,Yes
777,Sherry Anderson,East Mandy,"Programmer, applications",Food,62,66967,2,2.2,No
778,Justin Davis,Turnerburgh,Public house manager,Food,60,110330,7,4.8,Yes
779,Tonya Frazier,Gomezshire,Clinical embryologist,Food,60,103009,3,2.2,No
780,Angela Mcmahon,West Tylerburgh,Toxicologist,Food,57,65667,8,1.7,Yes
781,Daniel Morris,Murrayport,Academic librarian,Food,24,117148,2,4.4,No
782,John Richard,Vargasport,Mudlogger,Clothing,52,77435,14,2.8,Yes
783,Lisa Murray,Meyerside,Tree surgeon,Electronics,54,80123,2,2.6,Yes
784,Brandon Bowers,Franciston,Geographical information systems officer,Sports,28,40915,19,3.0,No
785,Joel Case,Zacharytown,Merchant navy officer,Books,20,81866,2,3.2,No
786,Jose Robinson,New Billy,Chartered loss adjuster,Clothing,18,62159,20,3.2,No
787,Nicholas Mathis,Lake Michael,Production engineer,Books,52,48767,10,4.1,Yes
788,Melissa Ramirez,North Karenland,Applications developer,Sports,21,72111,6,4.3,Yes
789,Amanda Chavez,New Emily,"Doctor, hospital",Books,45,143721,1,2.4,No
790,Tracy Ortega,Taylormouth,Dispensing optician,Electronics,42,86856,1,4.6,No
791,Tyrone Wells,East Walterport,Haematologist,Electronics,42,110434,6,1.5,No
792,William Adams,South Johnfort,Civil Service administrator,Food,50,146879,8,2.4,No
793,Frank Banks,Muellerburgh,Museum education officer,Sports,40,99205,11,4.8,Yes
794,Ricky Farmer,Chelseamouth,Chief Financial Officer,Clothing,23,49887,12,3.9,No
795,Adam Fisher,Lake Hollyport,"Therapist, drama",Books,61,91719,10,1.4,No
796,Julie Flores,Port Baileyport,Radio broadcast assistant,Food,49,75625,5,4.3,No
797,Gloria Santos,Moonhaven,Insurance broker,Clothing,59,92147,19,2.5,Yes
798,Andre Watts,East Lisa,Personnel officer,Sports,45,67485,7,4.5,No
799,Krystal Tate,Boothland,Drilling engineer,Food,56,32146,17,2.0,No
800,Jennifer Hicks,Gonzalesfort,Counsellor,Clothing,30,143676,3,4.3,Yes
801,Emily Harris,Kirbyshire,Illustrator,Sports,54,148443,15,1.4,Yes
802,Christian Gallegos,Jasonborough,Quality manager,Sports,55,145756,14,1.9,No
803,Robert Collins,Lopezfort,Geophysicist/field seismologist,Food,32,66185,7,1.5,Yes
804,Mr. William Myers,Greenhaven,Furniture designer,Electronics,39,57454,18,4.0,No
805,Timothy Mitchell,Lake Dominiqueshire,"Engineer, energy",Electronics,20,45003,10,2.6,No
806,Michael Hernandez,Huynhberg,"Designer, graphic",Books,34,40370,3,1.9,No
807,Elizabeth Guerrero,Kimberlyshire,Horticultural consultant,Electronics,53,95952,15,4.0,Yes
808,Vincent Coleman,Brownberg,Tax inspector,Sports,30,101953,18,2.5,No
809,Nicole Williams,Gomezstad,Accommodation manager,Electronics,22,90519,12,3.7,No
810,Jeremy Robinson,West Joshua,Academic librarian,Sports,42,95409,13,3.1,Yes
811,Daniel Stone,South Derekland,Aeronautical engineer,Food,56,99418,12,1.8,No
812,Natasha Ortiz,Padillafort,Games developer,Books,29,88729,1,2.1,Yes
813,Joseph Robinson,Lake Randallborough,Probation officer,Books,24,35678,2,2.8,No
814,Rodney Mclaughlin,Port John,"Horticulturist, amenity",Food,63,38178,4,1.6,No
815,Christopher Thomas,Andersonside,Multimedia specialist,Books,46,32178,9,4.2,No
816,Eduardo Walker DDS,New David,Oceanographer,Clothing,54,121670,4,4.5,No
817,Tammy Sullivan DDS,Lawrencefurt,"Civil engineer, contracting",Food,62,37948,15,4.9,Yes
818,Jennifer Ramirez,New Tony,Secondary school teacher,Sports,60,76598,20,3.2,Yes
819,Shelby Figueroa,New Brookefurt,"Editor, magazine features",Electronics,56,42864,13,2.9,Yes
820,Ashley Myers,Kimberlyland,"Engineer, technical sales",Clothing,39,104150,8,4.6,No
821,Caroline Hines,Port Annport,Community development worker,Clothing,46,95499,10,1.8,Yes
822,Kathryn Alvarez,East Stephanieburgh,Exhibition designer,Books,21,73242,3,2.6,Yes
823,David Kane,Brittanytown,Manufacturing engineer,Sports,25,114099,13,2.8,Yes
824,Erica Harrison,Davieston,Personnel officer,Sports,26,117824,3,3.0,Yes
825,Michael Shepherd,Williamview,Maintenance engineer,Sports,48,143486,10,4.9,No
826,Eric Friedman,Port Sandrahaven,Naval architect,Food,38,91276,14,1.5,No
827,Jessica Williams,Aguilarview,Osteopath,Clothing,64,136625,7,3.8,Yes
828,Tonya Smith,New Davidshire,Legal executive,Electronics,20,67748,18,2.0,No
829,Kent Wood,Byrdport,Retail buyer,Sports,55,116431,11,5.0,No
830,Mr. John Whitney DDS,Port Javierton,Charity fundraiser,Electronics,49,140812,7,4.5,Yes
831,George Smith,Lake Lawrencefurt,"Therapist, art",Food,33,57710,9,2.0,Yes
832,Jonathan Ortiz,Philipburgh,"Horticulturist, commercial",Electronics,25,140195,18,2.1,Yes
833,Tara Becker,New Cassandra,Translator,Books,48,79461,10,2.3,No
834,Charles Hernandez,Terriland,Meteorologist,Electronics,64,125682,7,1.2,No
835,Adam Erickson,Whiteberg,Insurance underwriter,Books,21,110792,15,4.5,Yes
836,Alyssa Martinez,Frederickberg,"Nurse, learning disability",Books,61,33145,17,3.4,No
837,Maria Frazier,Jeffreybury,"Engineer, production",Clothing,51,60122,13,3.7,Yes
838,Christopher Gomez,North Ginachester,Hospital pharmacist,Food,23,84644,2,4.2,Yes
839,Victoria Vasquez,Courtneytown,Herpetologist,Electronics,42,54369,2,4.2,Yes
840,Ricky Reed,North Julieville,"Editor, film/video",Electronics,62,93804,7,3.4,No
841,Robert Palmer,New Richardfurt,Commercial horticulturist,Clothing,44,133032,15,2.7,No
842,Jasmine Hudson,South Annehaven,Scientific laboratory technician,Food,23,79512,19,4.5,Yes
843,Terry Durham,Port Amyshire,Purchasing manager,Books,21,48849,5,1.9,No
844,Stephanie Pham DDS,Kelliport,Aeronautical engineer,Sports,65,125898,11,4.4,No
845,Madeline Wilkerson,Elizabethhaven,Cartographer,Books,19,125384,0,1.3,No
846,Meagan Moore,North Jamesbury,"Geologist, engineering",Electronics,41,135651,18,4.0,Yes
847,Adam Beltran,Susanstad,Television production assistant,Sports,38,103177,11,4.3,Yes
848,Kyle Thomas,Jefferyfurt,"Therapist, sports",Sports,27,98652,8,4.6,Yes
849,Shannon Hickman,Millerborough,Oceanographer,Electronics,48,67656,0,1.6,Yes
850,Marc Johnson,East Timothytown,"Producer, television/film/video",Electronics,45,130906,15,1.9,No
851,Joshua Sullivan,New Wendy,IT consultant,Clothing,53,71378,2,2.2,No
852,Benjamin Gomez,Mcgeeville,Chief Operating Officer,Clothing,60,89962,13,1.7,No
853,Mike Cross,West Trevormouth,Chief Marketing Officer,Electronics,25,49465,1,1.7,No
854,Henry Parker,Riosview,"Accountant, chartered certified",Books,27,32437,17,3.8,Yes
855,Felicia Bradshaw,Williamfurt,"Surveyor, commercial/residential",Clothing,49,72368,6,4.9,No
856,Robin Soto,New Michelleberg,"Designer, furniture",Food,52,95815,14,3.3,Yes
857,Eric Johnston,Floresfort,Drilling engineer,Food,45,81810,6,3.9,Yes
858,Lydia Morrow MD,Gwendolynburgh,"Librarian, academic",Electronics,27,44895,17,3.1,No
859,Mark Wall,Angelbury,Clinical embryologist,Food,22,129499,9,2.4,No
860,Cathy Diaz,Matthewberg,"Buyer, retail",Electronics,44,61465,7,1.9,Yes
861,Mary Torres,East Bridget,"Radiographer, diagnostic",Sports,22,101966,1,3.6,No
862,Andrea Tucker,Paynestad,Building control surveyor,Books,59,125449,7,3.7,Yes
863,Patrick Cherry,Rosefort,Health and safety adviser,Books,50,123615,6,4.0,No
864,Kyle Hall,Dannyport,Press photographer,Clothing,28,141743,12,4.3,No
865,Melissa Dudley,South Kellyburgh,Ranger/warden,Sports,32,134624,19,3.6,Yes
866,Sarah Steele,East Tonya,Geographical information systems officer,Electronics,18,113726,1,3.5,Yes
867,Maria Nielsen,Lake Patricia,"Surveyor, quantity",Books,42,30176,0,3.0,No
868,Dwayne Jackson,Lake David,Manufacturing engineer,Sports,24,119900,9,4.9,No
869,Janet Hall,Lake Tiffanymouth,Educational psychologist,Electronics,24,138433,20,2.3,Yes
870,Brandon Gamble,Darrylside,"Pilot, airline",Clothing,38,32900,2,4.0,No
871,Crystal Combs,New Nathaniel,Statistician,Books,23,114376,18,1.2,Yes
872,Mike Nelson,East Christopherside,Clinical molecular geneticist,Books,18,124995,14,1.4,Yes
873,John Martinez,South Thomas,Tree surgeon,Books,47,59683,1,1.5,No
874,Shannon Hernandez,Armstrongview,Risk manager,Books,48,77346,7,4.4,Yes
875,Max King,Hamptonberg,Purchasing manager,Sports,31,116943,19,1.8,No
876,Elijah Benjamin,Riverahaven,Energy manager,Sports,53,84800,1,4.8,No
877,Jeremiah Marsh,Port Shelbyville,Art gallery manager,Sports,65,99516,16,4.5,No
878,Meghan Cervantes,Williamsburgh,Mechanical engineer,Food,46,95874,12,3.8,No
879,Lee Patton,East Madeline,Geophysical data processor,Electronics,27,52684,8,1.6,No
880,Gary Wright,New Annaville,Chiropodist,Books,27,107156,17,1.0,Yes
881,Kimberly Cook,Mcmillanchester,Politician's assistant,Sports,45,105237,11,1.5,No
882,Dawn Alvarez,Greenfurt,Games developer,Clothing,40,110410,15,3.6,No
883,Stephen Young,Kennedytown,Airline pilot,Food,57,126601,10,3.0,No
884,Patricia Meyer,Port Juanton,Environmental manager,Electronics,50,141708,3,4.6,No
885,Dana Hall,Port Darrenfurt,Consulting civil engineer,Clothing,52,128296,7,1.4,Yes
886,Christopher Smith,West John,Public affairs consultant,Books,58,74411,1,1.6,No
887,Megan Norton,Berryville,Commercial/residential surveyor,Electronics,32,120483,6,1.2,Yes
888,John Clark,North Kristen,Medical laboratory scientific officer,Clothing,41,142473,15,3.8,No
889,Angela Vargas,Dunnfurt,Dancer,Books,44,64820,16,2.0,No
890,Jessica Wilson,North Amyhaven,Legal executive,Electronics,44,110293,12,3.7,Yes
891,Brian Everett,Turnertown,Electrical engineer,Food,56,48623,14,2.1,Yes
892,Jesse Gillespie,South Roger,Brewing technologist,Books,36,140760,19,1.6,No
893,Jasmine Nelson,Garyfort,Community development worker,Books,40,47885,11,2.3,No
894,Ashley Diaz,Lake Kimberlystad,"Scientist, research (maths)",Sports,26,85423,19,1.4,No
895,Jacob Dean,Gonzalezville,"Administrator, arts",Electronics,58,97750,12,1.1,No
896,Theresa Calhoun,Lake Nicholasmouth,Translator,Clothing,49,115268,19,4.4,Yes
897,Kerri Shaw,New Eric,Clinical research associate,Sports,51,145383,0,1.1,Yes
898,Megan Gentry,Jenkinsstad,Adult nurse,Sports,52,102473,14,1.4,Yes
899,Ryan Rich,Tylerside,"Engineer, civil (contracting)",Electronics,33,144130,16,2.2,No
900,Janet Taylor,North Daniel,Retail buyer,Sports,26,51402,5,3.7,Yes
901,Dr. Amanda Cox DDS,North Alyssafurt,Geophysical data processor,Books,59,59677,2,1.7,No
902,Katherine Davis,Aaronborough,Environmental health practitioner,Food,65,73975,10,3.6,Yes
903,Susan Hayes,Romanchester,"Surveyor, commercial/residential",Food,24,124725,1,1.7,Yes
904,Jessica Rodriguez,Campbellmouth,Plant breeder/geneticist,Food,61,132976,17,5.0,No
905,Ryan Guerrero,North Shannon,Facilities manager,Clothing,42,57337,6,2.4,No
906,Heather Stein,Barbarachester,Actuary,Electronics,25,96527,3,1.7,No
907,April Adams,Williamhaven,Pensions consultant,Books,25,46152,1,1.8,Yes
908,Deanna Davis,East Kenneth,"Investment banker, corporate",Electronics,20,135871,7,3.7,No
909,Raymond Moses,Suttonshire,"Administrator, charities/voluntary organisations",Clothing,35,113941,4,2.4,Yes
910,Angela Williams,New Lindabury,Special educational needs teacher,Sports,40,136803,7,1.8,No
911,Christine Hanna,Johnnyport,"Nurse, learning disability",Food,31,58876,11,2.5,Yes
912,Elizabeth Murphy MD,Mariaville,Arboriculturist,Clothing,46,112267,1,1.7,No
913,Amy Kelley,Welchport,"Nurse, learning disability",Clothing,23,102680,7,2.7,No
914,Michael Owens,North Charlesport,Product/process development scientist,Books,28,112741,12,2.9,Yes
915,Jennifer Anderson,South Adam,"Editor, commissioning",Food,49,63199,16,3.2,Yes
916,William Wallace,Sharonfurt,Outdoor activities/education manager,Electronics,48,123227,18,1.0,Yes
917,Todd Maxwell,West Christineburgh,Trade union research officer,Electronics,60,87826,13,2.0,No
918,Brian Morris,South Joseph,Energy engineer,Electronics,20,118530,4,1.3,Yes
919,Beth Jackson,North Michele,"Secretary, company",Food,45,73406,4,3.6,Yes
920,Maria Hanson,Aaronshire,Energy manager,Food,18,87823,18,2.5,No
921,Allison Kerr,East Kevin,Radio broadcast assistant,Clothing,51,49546,19,3.7,Yes
922,Cristina Green,New Travis,Volunteer coordinator,Clothing,22,97070,10,4.6,Yes
923,Brandon Bishop,New Meaganborough,Armed forces training and education officer,Electronics,61,80175,16,4.2,No
924,Jason Moss,Davisborough,Logistics and distribution manager,Books,21,71828,7,1.5,No
925,Wendy Roberson,Jonesberg,"Engineer, chemical",Books,52,65972,7,4.9,Yes
926,Jonathan Sellers Jr.,North Tinaton,Fisheries officer,Electronics,23,144927,3,3.2,No
927,David White,East Bethburgh,"Engineer, production",Food,59,42085,20,1.3,No
928,Kaitlyn Cruz,Lake Colleen,"Programme researcher, broadcasting/film/video",Electronics,25,60261,0,1.7,Yes
929,Gregory Petty,Port Sarah,Technical author,Sports,32,112809,10,2.5,No
930,Kyle Obrien,Vegaville,Clinical biochemist,Clothing,31,40876,2,3.8,Yes
931,Casey Tapia,Kevinland,"Conservation officer, historic buildings",Books,47,136835,5,3.3,No
932,Megan Banks,Port Lori,Travel agency manager,Sports,43,145233,16,4.1,No
933,Philip Hernandez,Dianaton,Clinical psychologist,Clothing,22,71095,2,3.9,No
934,Tammy Barr,West Cory,"Psychologist, sport and exercise",Electronics,31,130566,3,2.7,Yes
935,Mary Roberts,Lake Jenniferberg,Housing manager/officer,Food,21,135494,4,3.9,Yes
936,Alexa Smith,Kimville,Actor,Food,33,41274,13,4.7,Yes
937,Tristan Higgins,Lake Donnaburgh,Amenity horticulturist,Sports,38,101383,3,1.1,No
938,Travis Bass,Jenniferbury,Health visitor,Books,34,102745,7,2.2,Yes
939,Randy Henderson,Larryside,"Therapist, occupational",Electronics,65,138609,20,3.3,Yes
940,Melissa Berry,Tuckerburgh,"Runner, broadcasting/film/video",Books,58,137737,17,2.9,No
941,Wanda Long,South Gabrieltown,Curator,Sports,34,39817,2,4.7,Yes
942,Kyle Anderson,Lake Jamesberg,Fashion designer,Electronics,19,100367,16,3.0,No
943,Christine Knapp,Lake Jacobstad,"Therapist, occupational",Sports,40,117054,2,2.5,No
944,Eric Roman,North Donnaberg,Neurosurgeon,Food,59,36815,9,4.5,Yes
945,Sarah Levy,Kathrynmouth,Quantity surveyor,Clothing,29,106426,20,3.3,No
946,Anthony Rangel,Martinfurt,Teaching laboratory technician,Books,55,120156,13,3.9,No
947,Grace Hardy,North Stevenstad,"Librarian, academic",Books,54,87456,4,2.0,No
948,Tiffany Greene,Rivashaven,Naval architect,Electronics,22,137688,1,2.3,No
949,Kenneth Harrell,Lake Shannon,"Designer, interior/spatial",Sports,33,88357,16,4.2,No
950,Justin Griffin,Smithchester,Environmental consultant,Clothing,48,70592,11,3.6,No
951,Eric Wheeler,Port Robert,Mining engineer,Food,20,63293,10,1.4,No
952,Chase Gibson,Sampsonfurt,Health and safety adviser,Clothing,48,32649,6,3.9,No
953,Thomas Baxter,Lake Donna,Learning disability nurse,Sports,55,142015,10,2.6,No
954,Maria Ford,Dustintown,Psychotherapist,Clothing,51,67568,16,4.2,No
955,Shirley Pollard,North Sarah,"Civil engineer, consulting",Clothing,24,131976,9,3.9,No
956,Sandra Powell,Mccormickmouth,Leisure centre manager,Food,44,62168,12,3.7,Yes
957,Brooke Harris,West Heidi,Sports therapist,Clothing,54,119615,7,3.0,Yes
958,Steven Lopez,Danielfort,"Psychologist, prison and probation services",Food,46,137367,8,1.4,No
959,Emily Ross,Port Mitchell,Careers adviser,Clothing,61,110694,2,1.6,Yes
960,Lawrence Meza,South Gregory,IT trainer,Sports,60,82623,0,2.3,No
961,Shelley Bryan,South James,Personnel officer,Electronics,35,40748,11,2.6,No
962,Joshua Collins,Port Stacey,Higher education lecturer,Clothing,51,65848,3,3.7,No
963,Courtney Baird,Williamsbury,Community pharmacist,Food,52,36444,4,1.9,No
964,Ashley Alexander,Melissaburgh,Building control surveyor,Sports,36,107354,5,2.7,No
965,David Murray,West Ronald,Therapeutic radiographer,Books,31,84390,5,2.6,No
966,Courtney Lee,Reynoldsfort,English as a foreign language teacher,Food,36,97320,11,1.9,Yes
967,Ian Wilson,Michaelshire,Bonds trader,Clothing,21,111667,13,4.9,Yes
968,Shannon Madden,Johnsonchester,Oncologist,Food,22,51580,12,2.7,No
969,Mark Obrien,South Andrewton,Herpetologist,Electronics,47,141663,10,3.7,No
970,Daniel Dean,Port Deborah,"Teacher, music",Clothing,61,148093,0,4.9,No
971,Adam Velazquez,Haydenberg,Art therapist,Electronics,59,47824,19,2.0,Yes
972,Wendy Bartlett,Port Michaelhaven,"Nurse, mental health",Sports,32,46160,19,2.0,No
973,Robert Johnston,Staceyshire,Graphic designer,Clothing,54,81102,20,1.1,Yes
974,Rebecca Austin,New Danielle,"Engineer, broadcasting (operations)",Books,42,143496,0,2.0,Yes
975,Rachel Woods,Lake Amber,"Lighting technician, broadcasting/film/video",Sports,26,126579,1,3.7,Yes
976,Michael Rivera,Armstrongside,"Secretary, company",Electronics,30,129595,3,3.8,Yes
977,Jesse Brewer,Cristinachester,"Engineer, agricultural",Clothing,48,143796,4,3.6,Yes
978,Tara Johnson,North Steven,Chartered accountant,Clothing,20,134225,8,1.6,No
979,Lisa Simpson,New Christinabury,"Administrator, arts",Books,38,120145,6,4.7,No
980,Kelli Smith,Antonioville,"Journalist, newspaper",Electronics,58,47014,20,3.7,No
981,Adam Burton,Odonnellview,Psychiatric nurse,Food,50,70784,2,1.5,Yes
982,Tonya Kim,North Amandafort,Phytotherapist,Food,30,110058,17,4.4,No
983,Daniel Black,Ramirezland,Multimedia programmer,Food,48,147871,13,1.0,Yes
984,Kristin Williamson,New Judy,Commercial horticulturist,Sports,62,138943,0,4.2,Yes
985,Jason Webb,Joelchester,General practice doctor,Food,43,101748,6,1.8,Yes
986,Stephanie Delgado,Aprilstad,Chief Technology Officer,Books,22,102145,15,1.5,No
987,Robert Johnson,Teresaview,Automotive engineer,Books,22,33078,0,3.1,Yes
988,Norma Blevins,Port Gregory,Hydrologist,Clothing,48,89986,19,2.8,No
989,Scott Burns,South Williamton,Advice worker,Clothing,28,108408,5,2.9,No
990,Angela Davis,West Andreview,Podiatrist,Clothing,63,139058,20,2.4,No
991,Jody Macdonald,Burkehaven,Research scientist (physical sciences),Clothing,25,50669,7,1.7,No
992,Lisa Garcia,Craigshire,Market researcher,Sports,62,96360,11,2.6,No
993,Tiffany Arnold,Banksburgh,Music therapist,Electronics,39,133210,1,4.0,Yes
994,James Goodwin,Port Peterstad,"Scientist, physiological",Books,42,30775,13,4.2,Yes
995,Samantha Walker,Tinaburgh,Housing manager/officer,Electronics,34,31877,16,1.1,No
996,Deanna Bryan,Port Taraborough,Forensic psychologist,Sports,29,130112,19,3.1,Yes
997,Sydney Chapman,Maxland,"Journalist, magazine",Clothing,48,53067,9,1.2,Yes
998,Brian Lopez,Kathrynmouth,"Librarian, public",Electronics,44,137777,3,4.8,No
999,James Estes,Yangfort,Geophysicist/field seismologist,Clothing,24,104423,12,3.4,Yes
1000,April Sims,Port Stephaniehaven,"Engineer, building services",Sports,46,88277,5,4.1,Yes
